University Name,Location,Type,Average Annual Fees (USD),Popular Courses,Academic Requirements,Test Score Requirements
Marywood University,"United States, United States",Public,"$10,000 - $35,000","STEM, Business, Social Sciences",Secondary School Diploma (GPA 3.0+),IELTS 6.5 / TOEFL 85+ / Local Entrance Exam
Lindenwood University,"United States, United States",Public,"$10,000 - $35,000","STEM, Business, Social Sciences",Secondary School Diploma (GPA 3.0+),IELTS 6.5 / TOEFL 85+ / Local Entrance Exam
Sullivan University,"United States, United States",Public,"$10,000 - $35,000","STEM, Business, Social Sciences",Secondary School Diploma (GPA 3.0+),IELTS 6.5 / TOEFL 85+ / Local Entrance Exam
Florida State College at Jacksonville,"United States, United States",Public,"$10,000 - $35,000","STEM, Business, Social Sciences",Secondary School Diploma (GPA 3.0+),IELTS 6.5 / TOEFL 85+ / Local Entrance Exam
Xavier University,"United States, United States",Public,"$10,000 - $35,000","STEM, Business, Social Sciences",Secondary School Diploma (GPA 3.0+),IELTS 6.5 / TOEFL 85+ / Local Entrance Exam
Tusculum College,"United States, United States",Public,"$10,000 - $35,000","STEM, Business, Social Sciences",Secondary School Diploma (GPA 3.0+),IELTS 6.5 / TOEFL 85+ / Local Entrance Exam
Claremont School of Theology,"United States, United States",Public,"$10,000 - $35,000","STEM, Business, Social Sciences",Secondary School Diploma (GPA 3.0+),IELTS 6.5 / TOEFL 85+ / Local Entrance Exam
Columbia College (SC),"United States, United States",Public,"$10,000 - $35,000","STEM, Business, Social Sciences",Secondary School Diploma (GPA 3.0+),IELTS 6.5 / TOEFL 85+ / Local Entrance Exam
Chabot-Las Positas Community College District,"United States, United States",Public,"$10,000 - $35,000","STEM, Business, Social Sciences",Secondary School Diploma (GPA 3.0+),IELTS 6.5 / TOEFL 85+ / Local Entrance Exam
Keller Graduate School of Management,"United States, United States",Public,"$10,000 - $35,000","STEM, Business, Social Sciences",Secondary School Diploma (GPA 3.0+),IELTS 6.5 / TOEFL 85+ / Local Entrance Exam
Monroe College,"United States, United States",Public,"$10,000 - $35,000","STEM, Business, Social Sciences",Secondary School Diploma (GPA 3.0+),IELTS 6.5 / TOEFL 85+ / Local Entrance Exam
San Mateo County Community College District,"United States, United States",Public,"$10,000 - $35,000","STEM, Business, Social Sciences",Secondary School Diploma (GPA 3.0+),IELTS 6.5 / TOEFL 85+ / Local Entrance Exam
Los Rios Community College District,"United States, United States",Public,"$10,000 - $35,000","STEM, Business, Social Sciences",Secondary School Diploma (GPA 3.0+),IELTS 6.5 / TOEFL 85+ / Local Entrance Exam
DigiPen Institute of Technology,"United States, United States",Public,"$10,000 - $35,000","STEM, Business, Social Sciences",Secondary School Diploma (GPA 3.0+),IELTS 6.5 / TOEFL 85+ / Local Entrance Exam
University of Pittsburgh Medical Center,"Pennsylvania, United States",Public,"$10,000 - $35,000","STEM, Business, Social Sciences",Secondary School Diploma (GPA 3.0+),IELTS 6.5 / TOEFL 85+ / Local Entrance Exam
Claremont Graduate University,"United States, United States",Public,"$10,000 - $35,000","STEM, Business, Social Sciences",Secondary School Diploma (GPA 3.0+),IELTS 6.5 / TOEFL 85+ / Local Entrance Exam
The University of Texas at Rio Grande Valley,"Texas, United States",Public,"$10,000 - $35,000","STEM, Business, Social Sciences",Secondary School Diploma (GPA 3.0+),IELTS 6.5 / TOEFL 85+ / Local Entrance Exam
College of Mount Saint Vincent,"United States, United States",Public,"$10,000 - $35,000","STEM, Business, Social Sciences",Secondary School Diploma (GPA 3.0+),IELTS 6.5 / TOEFL 85+ / Local Entrance Exam
University of Arkansas System eVersity,"United States, United States",Public,"$10,000 - $35,000","STEM, Business, Social Sciences",Secondary School Diploma (GPA 3.0+),IELTS 6.5 / TOEFL 85+ / Local Entrance Exam
ECPI University,"United States, United States",Public,"$10,000 - $35,000","STEM, Business, Social Sciences",Secondary School Diploma (GPA 3.0+),IELTS 6.5 / TOEFL 85+ / Local Entrance Exam
University of Mary Washington,"United States, United States",Public,"$10,000 - $35,000","STEM, Business, Social Sciences",Secondary School Diploma (GPA 3.0+),IELTS 6.5 / TOEFL 85+ / Local Entrance Exam
Baldwin Wallace University,"United States, United States",Public,"$10,000 - $35,000","STEM, Business, Social Sciences",Secondary School Diploma (GPA 3.0+),IELTS 6.5 / TOEFL 85+ / Local Entrance Exam
California State University Channel Islands,"United States, United States",Public,"$10,000 - $35,000","STEM, Business, Social Sciences",Secondary School Diploma (GPA 3.0+),IELTS 6.5 / TOEFL 85+ / Local Entrance Exam
Brandman University,"United States, United States",Public,"$10,000 - $35,000","STEM, Business, Social Sciences",Secondary School Diploma (GPA 3.0+),IELTS 6.5 / TOEFL 85+ / Local Entrance Exam
United States Coast Guard Academy,"United States, United States",Public,"$10,000 - $35,000","STEM, Business, Social Sciences",Secondary School Diploma (GPA 3.0+),IELTS 6.5 / TOEFL 85+ / Local Entrance Exam
Athens State University,"United States, United States",Public,"$10,000 - $35,000","STEM, Business, Social Sciences",Secondary School Diploma (GPA 3.0+),IELTS 6.5 / TOEFL 85+ / Local Entrance Exam
The Scripps Research Institute,"United States, United States",Public,"$10,000 - $35,000","STEM, Business, Social Sciences",Secondary School Diploma (GPA 3.0+),IELTS 6.5 / TOEFL 85+ / Local Entrance Exam
Eastern Florida State College,"United States, United States",Public,"$10,000 - $35,000","STEM, Business, Social Sciences",Secondary School Diploma (GPA 3.0+),IELTS 6.5 / TOEFL 85+ / Local Entrance Exam
Western New England University,"United States, United States",Public,"$10,000 - $35,000","STEM, Business, Social Sciences",Secondary School Diploma (GPA 3.0+),IELTS 6.5 / TOEFL 85+ / Local Entrance Exam
King University,"United States, United States",Public,"$10,000 - $35,000","STEM, Business, Social Sciences",Secondary School Diploma (GPA 3.0+),IELTS 6.5 / TOEFL 85+ / Local Entrance Exam
Georgia Gwinnett College,"United States, United States",Public,"$10,000 - $35,000","STEM, Business, Social Sciences",Secondary School Diploma (GPA 3.0+),IELTS 6.5 / TOEFL 85+ / Local Entrance Exam
Trident University,"United States, United States",Public,"$10,000 - $35,000","STEM, Business, Social Sciences",Secondary School Diploma (GPA 3.0+),IELTS 6.5 / TOEFL 85+ / Local Entrance Exam
Alliant International University,"United States, United States",Public,"$10,000 - $35,000","STEM, Business, Social Sciences",Secondary School Diploma (GPA 3.0+),IELTS 6.5 / TOEFL 85+ / Local Entrance Exam
Mississippi Valley State University,"United States, United States",Public,"$10,000 - $35,000","STEM, Business, Social Sciences",Secondary School Diploma (GPA 3.0+),IELTS 6.5 / TOEFL 85+ / Local Entrance Exam
Roosevelt University,"United States, United States",Public,"$10,000 - $35,000","STEM, Business, Social Sciences",Secondary School Diploma (GPA 3.0+),IELTS 6.5 / TOEFL 85+ / Local Entrance Exam
ITT Technical Institute,"United States, United States",Public,"$10,000 - $35,000","STEM, Business, Social Sciences",Secondary School Diploma (GPA 3.0+),IELTS 6.5 / TOEFL 85+ / Local Entrance Exam
Illinois Eastern Community Colleges,"United States, United States",Public,"$10,000 - $35,000","STEM, Business, Social Sciences",Secondary School Diploma (GPA 3.0+),IELTS 6.5 / TOEFL 85+ / Local Entrance Exam
Park University,"United States, United States",Public,"$10,000 - $35,000","STEM, Business, Social Sciences",Secondary School Diploma (GPA 3.0+),IELTS 6.5 / TOEFL 85+ / Local Entrance Exam
Icahn School of Medicine at Mount Sinai,"United States, United States",Public,"$10,000 - $35,000","STEM, Business, Social Sciences",Secondary School Diploma (GPA 3.0+),IELTS 6.5 / TOEFL 85+ / Local Entrance Exam
Utah Valley University,"Utah, United States",Public,"$10,000 - $35,000","STEM, Business, Social Sciences",Secondary School Diploma (GPA 3.0+),IELTS 6.5 / TOEFL 85+ / Local Entrance Exam
Wisconsin Lutheran College,"United States, United States",Public,"$10,000 - $35,000","STEM, Business, Social Sciences",Secondary School Diploma (GPA 3.0+),IELTS 6.5 / TOEFL 85+ / Local Entrance Exam
Riverside Community College District,"United States, United States",Public,"$10,000 - $35,000","STEM, Business, Social Sciences",Secondary School Diploma (GPA 3.0+),IELTS 6.5 / TOEFL 85+ / Local Entrance Exam
Wake Forest Baptist Health,"United States, United States",Public,"$10,000 - $35,000","STEM, Business, Social Sciences",Secondary School Diploma (GPA 3.0+),IELTS 6.5 / TOEFL 85+ / Local Entrance Exam
University of Massachusetts Boston,"United States, United States",Public,"$10,000 - $35,000","STEM, Business, Social Sciences",Secondary School Diploma (GPA 3.0+),IELTS 6.5 / TOEFL 85+ / Local Entrance Exam
Florida Polytechnic University,"Florida, United States",Public,"$10,000 - $35,000","STEM, Business, Social Sciences",Secondary School Diploma (GPA 3.0+),IELTS 6.5 / TOEFL 85+ / Local Entrance Exam
Wagner College,"United States, United States",Public,"$10,000 - $35,000","STEM, Business, Social Sciences",Secondary School Diploma (GPA 3.0+),IELTS 6.5 / TOEFL 85+ / Local Entrance Exam
Engineering Institute of Technology,"Australia, Australia",Public,"$10,000 - $35,000","STEM, Business, Social Sciences",Secondary School Diploma (GPA 3.0+),IELTS 6.5 / TOEFL 85+ / Local Entrance Exam
Australian Correspondence Schools,"Australia, Australia",Public,"$10,000 - $35,000","STEM, Business, Social Sciences",Secondary School Diploma (GPA 3.0+),IELTS 6.5 / TOEFL 85+ / Local Entrance Exam
Australian Catholic University,"New South Wales, Australia",Public,"$10,000 - $35,000","STEM, Business, Social Sciences",Secondary School Diploma (GPA 3.0+),IELTS 6.5 / TOEFL 85+ / Local Entrance Exam
University of Adelaide,"South Australia, Australia",Public,"$10,000 - $35,000","STEM, Business, Social Sciences",Secondary School Diploma (GPA 3.0+),IELTS 6.5 / TOEFL 85+ / Local Entrance Exam
Australian Defence Force Academy,"Australian Capital Territory, Australia",Public,"$10,000 - $35,000","STEM, Business, Social Sciences",Secondary School Diploma (GPA 3.0+),IELTS 6.5 / TOEFL 85+ / Local Entrance Exam
Australian Lutheran College,"South Australia, Australia",Public,"$10,000 - $35,000","STEM, Business, Social Sciences",Secondary School Diploma (GPA 3.0+),IELTS 6.5 / TOEFL 85+ / Local Entrance Exam
Australian Maritime College,"Tasmania, Australia",Public,"$10,000 - $35,000","STEM, Business, Social Sciences",Secondary School Diploma (GPA 3.0+),IELTS 6.5 / TOEFL 85+ / Local Entrance Exam
Australian National University,"Australian Capital Territory, Australia",Public,"$10,000 - $35,000","STEM, Business, Social Sciences",Secondary School Diploma (GPA 3.0+),IELTS 6.5 / TOEFL 85+ / Local Entrance Exam
Avondale University,"New South Wales, Australia",Public,"$10,000 - $35,000","STEM, Business, Social Sciences",Secondary School Diploma (GPA 3.0+),IELTS 6.5 / TOEFL 85+ / Local Entrance Exam
Federation University Australia,"Victoria, Australia",Public,"$10,000 - $35,000","STEM, Business, Social Sciences",Secondary School Diploma (GPA 3.0+),IELTS 6.5 / TOEFL 85+ / Local Entrance Exam
Bond University,"Queensland, Australia",Public,"$10,000 - $35,000","STEM, Business, Social Sciences",Secondary School Diploma (GPA 3.0+),IELTS 6.5 / TOEFL 85+ / Local Entrance Exam
University of Canberra,"Australian Capital Territory, Australia",Public,"$10,000 - $35,000","STEM, Business, Social Sciences",Secondary School Diploma (GPA 3.0+),IELTS 6.5 / TOEFL 85+ / Local Entrance Exam
Charles Darwin University,"Northern Territory, Australia",Public,"$10,000 - $35,000","STEM, Business, Social Sciences",Secondary School Diploma (GPA 3.0+),IELTS 6.5 / TOEFL 85+ / Local Entrance Exam
Central Queensland University,"Queensland, Australia",Public,"$10,000 - $35,000","STEM, Business, Social Sciences",Secondary School Diploma (GPA 3.0+),IELTS 6.5 / TOEFL 85+ / Local Entrance Exam
Charles Sturt University,"New South Wales, Australia",Public,"$10,000 - $35,000","STEM, Business, Social Sciences",Secondary School Diploma (GPA 3.0+),IELTS 6.5 / TOEFL 85+ / Local Entrance Exam
Curtin University,"Western Australia, Australia",Public,"$10,000 - $35,000","STEM, Business, Social Sciences",Secondary School Diploma (GPA 3.0+),IELTS 6.5 / TOEFL 85+ / Local Entrance Exam
Deakin University,"Victoria, Australia",Public,"$10,000 - $35,000","STEM, Business, Social Sciences",Secondary School Diploma (GPA 3.0+),IELTS 6.5 / TOEFL 85+ / Local Entrance Exam
Edith Cowan University,"Western Australia, Australia",Public,"$10,000 - $35,000","STEM, Business, Social Sciences",Secondary School Diploma (GPA 3.0+),IELTS 6.5 / TOEFL 85+ / Local Entrance Exam
Flinders University of South Australia,"South Australia, Australia",Public,"$10,000 - $35,000","STEM, Business, Social Sciences",Secondary School Diploma (GPA 3.0+),IELTS 6.5 / TOEFL 85+ / Local Entrance Exam
Griffith University,"Queensland, Australia",Public,"$10,000 - $35,000","STEM, Business, Social Sciences",Secondary School Diploma (GPA 3.0+),IELTS 6.5 / TOEFL 85+ / Local Entrance Exam
Holmes Institute,"Victoria, Australia",Public,"$10,000 - $35,000","STEM, Business, Social Sciences",Secondary School Diploma (GPA 3.0+),IELTS 6.5 / TOEFL 85+ / Local Entrance Exam
Blue Mountains Hotel School,"New South Wales, Australia",Public,"$10,000 - $35,000","STEM, Business, Social Sciences",Secondary School Diploma (GPA 3.0+),IELTS 6.5 / TOEFL 85+ / Local Entrance Exam
International College of Tourism and Hotel Management,"Australia, Australia",Public,"$10,000 - $35,000","STEM, Business, Social Sciences",Secondary School Diploma (GPA 3.0+),IELTS 6.5 / TOEFL 85+ / Local Entrance Exam
"Institute Of Technology, Australia","Australia, Australia",Public,"$10,000 - $35,000","STEM, Business, Social Sciences",Secondary School Diploma (GPA 3.0+),IELTS 6.5 / TOEFL 85+ / Local Entrance Exam
James Cook University of North Queensland,"Queensland, Australia",Public,"$10,000 - $35,000","STEM, Business, Social Sciences",Secondary School Diploma (GPA 3.0+),IELTS 6.5 / TOEFL 85+ / Local Entrance Exam
La Trobe University,"Victoria, Australia",Public,"$10,000 - $35,000","STEM, Business, Social Sciences",Secondary School Diploma (GPA 3.0+),IELTS 6.5 / TOEFL 85+ / Local Entrance Exam
Marcus Oldham College,"Victoria, Australia",Public,"$10,000 - $35,000","STEM, Business, Social Sciences",Secondary School Diploma (GPA 3.0+),IELTS 6.5 / TOEFL 85+ / Local Entrance Exam
Monash University,"Victoria, Australia",Public,"$10,000 - $35,000","STEM, Business, Social Sciences",Secondary School Diploma (GPA 3.0+),IELTS 6.5 / TOEFL 85+ / Local Entrance Exam
Macquarie University,"New South Wales, Australia",Public,"$10,000 - $35,000","STEM, Business, Social Sciences",Secondary School Diploma (GPA 3.0+),IELTS 6.5 / TOEFL 85+ / Local Entrance Exam
Murdoch University,"Western Australia, Australia",Public,"$10,000 - $35,000","STEM, Business, Social Sciences",Secondary School Diploma (GPA 3.0+),IELTS 6.5 / TOEFL 85+ / Local Entrance Exam
University of Notre Dame Australia,"Western Australia, Australia",Public,"$10,000 - $35,000","STEM, Business, Social Sciences",Secondary School Diploma (GPA 3.0+),IELTS 6.5 / TOEFL 85+ / Local Entrance Exam
University of Newcastle,"New South Wales, Australia",Public,"$10,000 - $35,000","STEM, Business, Social Sciences",Secondary School Diploma (GPA 3.0+),IELTS 6.5 / TOEFL 85+ / Local Entrance Exam
Batchelor Institute of Indigenous Tertiary Education,"Northern Territory, Australia",Public,"$10,000 - $35,000","STEM, Business, Social Sciences",Secondary School Diploma (GPA 3.0+),IELTS 6.5 / TOEFL 85+ / Local Entrance Exam
Queensland University of Technology,"Queensland, Australia",Public,"$10,000 - $35,000","STEM, Business, Social Sciences",Secondary School Diploma (GPA 3.0+),IELTS 6.5 / TOEFL 85+ / Local Entrance Exam
Royal Melbourne Institute of Technology,"Victoria, Australia",Public,"$10,000 - $35,000","STEM, Business, Social Sciences",Secondary School Diploma (GPA 3.0+),IELTS 6.5 / TOEFL 85+ / Local Entrance Exam
South Metropolitan TAFE,"Western Australia, Australia",Public,"$10,000 - $35,000","STEM, Business, Social Sciences",Secondary School Diploma (GPA 3.0+),IELTS 6.5 / TOEFL 85+ / Local Entrance Exam
Southern Cross University,"New South Wales, Australia",Public,"$10,000 - $35,000","STEM, Business, Social Sciences",Secondary School Diploma (GPA 3.0+),IELTS 6.5 / TOEFL 85+ / Local Entrance Exam
Swinburne University of Technology,"Victoria, Australia",Public,"$10,000 - $35,000","STEM, Business, Social Sciences",Secondary School Diploma (GPA 3.0+),IELTS 6.5 / TOEFL 85+ / Local Entrance Exam
University of New England,"New South Wales, Australia",Public,"$10,000 - $35,000","STEM, Business, Social Sciences",Secondary School Diploma (GPA 3.0+),IELTS 6.5 / TOEFL 85+ / Local Entrance Exam
University of Melbourne,"Victoria, Australia",Public,"$10,000 - $35,000","STEM, Business, Social Sciences",Secondary School Diploma (GPA 3.0+),IELTS 6.5 / TOEFL 85+ / Local Entrance Exam
University of South Australia,"South Australia, Australia",Public,"$10,000 - $35,000","STEM, Business, Social Sciences",Secondary School Diploma (GPA 3.0+),IELTS 6.5 / TOEFL 85+ / Local Entrance Exam
University of New South Wales,"New South Wales, Australia",Public,"$10,000 - $35,000","STEM, Business, Social Sciences",Secondary School Diploma (GPA 3.0+),IELTS 6.5 / TOEFL 85+ / Local Entrance Exam
University of Wollongong,"New South Wales, Australia",Public,"$10,000 - $35,000","STEM, Business, Social Sciences",Secondary School Diploma (GPA 3.0+),IELTS 6.5 / TOEFL 85+ / Local Entrance Exam
University of Queensland,"Queensland, Australia",Public,"$10,000 - $35,000","STEM, Business, Social Sciences",Secondary School Diploma (GPA 3.0+),IELTS 6.5 / TOEFL 85+ / Local Entrance Exam
University of the Sunshine Coast,"Queensland, Australia",Public,"$10,000 - $35,000","STEM, Business, Social Sciences",Secondary School Diploma (GPA 3.0+),IELTS 6.5 / TOEFL 85+ / Local Entrance Exam
University of Southern Queensland,"Queensland, Australia",Public,"$10,000 - $35,000","STEM, Business, Social Sciences",Secondary School Diploma (GPA 3.0+),IELTS 6.5 / TOEFL 85+ / Local Entrance Exam
West Herts College,"United Kingdom, United Kingdom",Public,"$10,000 - $35,000","STEM, Business, Social Sciences",Secondary School Diploma (GPA 3.0+),IELTS 6.5 / TOEFL 85+ / Local Entrance Exam
Royal Holloway University of London,"United Kingdom, United Kingdom",Public,"$10,000 - $35,000","STEM, Business, Social Sciences",Secondary School Diploma (GPA 3.0+),IELTS 6.5 / TOEFL 85+ / Local Entrance Exam
University of Portsmouth,"United Kingdom, United Kingdom",Public,"$10,000 - $35,000","STEM, Business, Social Sciences",Secondary School Diploma (GPA 3.0+),IELTS 6.5 / TOEFL 85+ / Local Entrance Exam
Futureworks,"United Kingdom, United Kingdom",Public,"$10,000 - $35,000","STEM, Business, Social Sciences",Secondary School Diploma (GPA 3.0+),IELTS 6.5 / TOEFL 85+ / Local Entrance Exam
University of the Arts London,"United Kingdom, United Kingdom",Public,"$10,000 - $35,000","STEM, Business, Social Sciences",Secondary School Diploma (GPA 3.0+),IELTS 6.5 / TOEFL 85+ / Local Entrance Exam
University of Aberdeen,"United Kingdom, United Kingdom",Public,"$10,000 - $35,000","STEM, Business, Social Sciences",Secondary School Diploma (GPA 3.0+),IELTS 6.5 / TOEFL 85+ / Local Entrance Exam
Aberystwyth University,"United Kingdom, United Kingdom",Public,"$10,000 - $35,000","STEM, Business, Social Sciences",Secondary School Diploma (GPA 3.0+),IELTS 6.5 / TOEFL 85+ / Local Entrance Exam
University of Abertay Dundee,"United Kingdom, United Kingdom",Public,"$10,000 - $35,000","STEM, Business, Social Sciences",Secondary School Diploma (GPA 3.0+),IELTS 6.5 / TOEFL 85+ / Local Entrance Exam
American InterContinental University - London,"United Kingdom, United Kingdom",Public,"$10,000 - $35,000","STEM, Business, Social Sciences",Secondary School Diploma (GPA 3.0+),IELTS 6.5 / TOEFL 85+ / Local Entrance Exam
Anglia Ruskin University,"United Kingdom, United Kingdom",Public,"$10,000 - $35,000","STEM, Business, Social Sciences",Secondary School Diploma (GPA 3.0+),IELTS 6.5 / TOEFL 85+ / Local Entrance Exam
Aston University,"United Kingdom, United Kingdom",Public,"$10,000 - $35,000","STEM, Business, Social Sciences",Secondary School Diploma (GPA 3.0+),IELTS 6.5 / TOEFL 85+ / Local Entrance Exam
The American University in London,"United Kingdom, United Kingdom",Public,"$10,000 - $35,000","STEM, Business, Social Sciences",Secondary School Diploma (GPA 3.0+),IELTS 6.5 / TOEFL 85+ / Local Entrance Exam
"University of Wales, Bangor","United Kingdom, United Kingdom",Public,"$10,000 - $35,000","STEM, Business, Social Sciences",Secondary School Diploma (GPA 3.0+),IELTS 6.5 / TOEFL 85+ / Local Entrance Exam
University of Bath,"United Kingdom, United Kingdom",Public,"$10,000 - $35,000","STEM, Business, Social Sciences",Secondary School Diploma (GPA 3.0+),IELTS 6.5 / TOEFL 85+ / Local Entrance Exam
Bath Spa University,"United Kingdom, United Kingdom",Public,"$10,000 - $35,000","STEM, Business, Social Sciences",Secondary School Diploma (GPA 3.0+),IELTS 6.5 / TOEFL 85+ / Local Entrance Exam
"Birkbeck College, University of London","United Kingdom, United Kingdom",Public,"$10,000 - $35,000","STEM, Business, Social Sciences",Secondary School Diploma (GPA 3.0+),IELTS 6.5 / TOEFL 85+ / Local Entrance Exam
British College of Osteopathic Medicine,"United Kingdom, United Kingdom",Public,"$10,000 - $35,000","STEM, Business, Social Sciences",Secondary School Diploma (GPA 3.0+),IELTS 6.5 / TOEFL 85+ / Local Entrance Exam
Birmingham City University,"United Kingdom, United Kingdom",Public,"$10,000 - $35,000","STEM, Business, Social Sciences",Secondary School Diploma (GPA 3.0+),IELTS 6.5 / TOEFL 85+ / Local Entrance Exam
University of Bedfordshire,"United Kingdom, United Kingdom",Public,"$10,000 - $35,000","STEM, Business, Social Sciences",Secondary School Diploma (GPA 3.0+),IELTS 6.5 / TOEFL 85+ / Local Entrance Exam
University of Birmingham,"United Kingdom, United Kingdom",Public,"$10,000 - $35,000","STEM, Business, Social Sciences",Secondary School Diploma (GPA 3.0+),IELTS 6.5 / TOEFL 85+ / Local Entrance Exam
University of Bolton,"United Kingdom, United Kingdom",Public,"$10,000 - $35,000","STEM, Business, Social Sciences",Secondary School Diploma (GPA 3.0+),IELTS 6.5 / TOEFL 85+ / Local Entrance Exam
Bournemouth University,"United Kingdom, United Kingdom",Public,"$10,000 - $35,000","STEM, Business, Social Sciences",Secondary School Diploma (GPA 3.0+),IELTS 6.5 / TOEFL 85+ / Local Entrance Exam
University of Bradford,"United Kingdom, United Kingdom",Public,"$10,000 - $35,000","STEM, Business, Social Sciences",Secondary School Diploma (GPA 3.0+),IELTS 6.5 / TOEFL 85+ / Local Entrance Exam
London School of Jewish Studies,"United Kingdom, United Kingdom",Public,"$10,000 - $35,000","STEM, Business, Social Sciences",Secondary School Diploma (GPA 3.0+),IELTS 6.5 / TOEFL 85+ / Local Entrance Exam
University of Bristol,"United Kingdom, United Kingdom",Public,"$10,000 - $35,000","STEM, Business, Social Sciences",Secondary School Diploma (GPA 3.0+),IELTS 6.5 / TOEFL 85+ / Local Entrance Exam
Oxford Brookes University,"United Kingdom, United Kingdom",Public,"$10,000 - $35,000","STEM, Business, Social Sciences",Secondary School Diploma (GPA 3.0+),IELTS 6.5 / TOEFL 85+ / Local Entrance Exam
Brunel University Uxbridge,"United Kingdom, United Kingdom",Public,"$10,000 - $35,000","STEM, Business, Social Sciences",Secondary School Diploma (GPA 3.0+),IELTS 6.5 / TOEFL 85+ / Local Entrance Exam
University of Brighton,"United Kingdom, United Kingdom",Public,"$10,000 - $35,000","STEM, Business, Social Sciences",Secondary School Diploma (GPA 3.0+),IELTS 6.5 / TOEFL 85+ / Local Entrance Exam
University of Buckingham,"United Kingdom, United Kingdom",Public,"$10,000 - $35,000","STEM, Business, Social Sciences",Secondary School Diploma (GPA 3.0+),IELTS 6.5 / TOEFL 85+ / Local Entrance Exam
Buckinghamshire New University,"United Kingdom, United Kingdom",Public,"$10,000 - $35,000","STEM, Business, Social Sciences",Secondary School Diploma (GPA 3.0+),IELTS 6.5 / TOEFL 85+ / Local Entrance Exam
University of Cambridge,"United Kingdom, United Kingdom",Public,"$10,000 - $35,000","STEM, Business, Social Sciences",Secondary School Diploma (GPA 3.0+),IELTS 6.5 / TOEFL 85+ / Local Entrance Exam
Camberwell College of Arts,"United Kingdom, United Kingdom",Public,"$10,000 - $35,000","STEM, Business, Social Sciences",Secondary School Diploma (GPA 3.0+),IELTS 6.5 / TOEFL 85+ / Local Entrance Exam
Canterbury Christ Church University,"Canterbury, United Kingdom",Public,"$10,000 - $35,000","STEM, Business, Social Sciences",Secondary School Diploma (GPA 3.0+),IELTS 6.5 / TOEFL 85+ / Local Entrance Exam
Cardiff University,"United Kingdom, United Kingdom",Public,"$10,000 - $35,000","STEM, Business, Social Sciences",Secondary School Diploma (GPA 3.0+),IELTS 6.5 / TOEFL 85+ / Local Entrance Exam
Chelsea College of Art and Design,"United Kingdom, United Kingdom",Public,"$10,000 - $35,000","STEM, Business, Social Sciences",Secondary School Diploma (GPA 3.0+),IELTS 6.5 / TOEFL 85+ / Local Entrance Exam
University of Chester,"United Kingdom, United Kingdom",Public,"$10,000 - $35,000","STEM, Business, Social Sciences",Secondary School Diploma (GPA 3.0+),IELTS 6.5 / TOEFL 85+ / Local Entrance Exam
City University,"United Kingdom, United Kingdom",Public,"$10,000 - $35,000","STEM, Business, Social Sciences",Secondary School Diploma (GPA 3.0+),IELTS 6.5 / TOEFL 85+ / Local Entrance Exam
"Courtauld Institute of Art, University of London","United Kingdom, United Kingdom",Public,"$10,000 - $35,000","STEM, Business, Social Sciences",Secondary School Diploma (GPA 3.0+),IELTS 6.5 / TOEFL 85+ / Local Entrance Exam
Coventry University,"United Kingdom, United Kingdom",Public,"$10,000 - $35,000","STEM, Business, Social Sciences",Secondary School Diploma (GPA 3.0+),IELTS 6.5 / TOEFL 85+ / Local Entrance Exam
Cranfield University,"United Kingdom, United Kingdom",Public,"$10,000 - $35,000","STEM, Business, Social Sciences",Secondary School Diploma (GPA 3.0+),IELTS 6.5 / TOEFL 85+ / Local Entrance Exam
Central Saint Martins College of Art & Design,"United Kingdom, United Kingdom",Public,"$10,000 - $35,000","STEM, Business, Social Sciences",Secondary School Diploma (GPA 3.0+),IELTS 6.5 / TOEFL 85+ / Local Entrance Exam
University of Derby,"United Kingdom, United Kingdom",Public,"$10,000 - $35,000","STEM, Business, Social Sciences",Secondary School Diploma (GPA 3.0+),IELTS 6.5 / TOEFL 85+ / Local Entrance Exam
De Montfort University Leicester,"United Kingdom, United Kingdom",Public,"$10,000 - $35,000","STEM, Business, Social Sciences",Secondary School Diploma (GPA 3.0+),IELTS 6.5 / TOEFL 85+ / Local Entrance Exam
University of Dundee,"United Kingdom, United Kingdom",Public,"$10,000 - $35,000","STEM, Business, Social Sciences",Secondary School Diploma (GPA 3.0+),IELTS 6.5 / TOEFL 85+ / Local Entrance Exam
University of Durham,"United Kingdom, United Kingdom",Public,"$10,000 - $35,000","STEM, Business, Social Sciences",Secondary School Diploma (GPA 3.0+),IELTS 6.5 / TOEFL 85+ / Local Entrance Exam
Edge Hill University,"United Kingdom, United Kingdom",Public,"$10,000 - $35,000","STEM, Business, Social Sciences",Secondary School Diploma (GPA 3.0+),IELTS 6.5 / TOEFL 85+ / Local Entrance Exam
Toronto Baptist Seminary and Bible College,"Ontario, Canada",Public,"$10,000 - $35,000","STEM, Business, Social Sciences",Secondary School Diploma (GPA 3.0+),IELTS 6.5 / TOEFL 85+ / Local Entrance Exam
Cégep de Saint-Jérôme,"Quebec, Canada",Public,"$10,000 - $35,000","STEM, Business, Social Sciences",Secondary School Diploma (GPA 3.0+),IELTS 6.5 / TOEFL 85+ / Local Entrance Exam
Lambton College,"Ontario, Canada",Public,"$10,000 - $35,000","STEM, Business, Social Sciences",Secondary School Diploma (GPA 3.0+),IELTS 6.5 / TOEFL 85+ / Local Entrance Exam
Acadia University,"Nova Scotia, Canada",Public,"$10,000 - $35,000","STEM, Business, Social Sciences",Secondary School Diploma (GPA 3.0+),IELTS 6.5 / TOEFL 85+ / Local Entrance Exam
Algonquin College,"Ontario, Canada",Public,"$10,000 - $35,000","STEM, Business, Social Sciences",Secondary School Diploma (GPA 3.0+),IELTS 6.5 / TOEFL 85+ / Local Entrance Exam
Ashton College,"British Columbia, Canada",Public,"$10,000 - $35,000","STEM, Business, Social Sciences",Secondary School Diploma (GPA 3.0+),IELTS 6.5 / TOEFL 85+ / Local Entrance Exam
Assumption University,"Ontario, Canada",Public,"$10,000 - $35,000","STEM, Business, Social Sciences",Secondary School Diploma (GPA 3.0+),IELTS 6.5 / TOEFL 85+ / Local Entrance Exam
Athabasca University,"Alberta, Canada",Public,"$10,000 - $35,000","STEM, Business, Social Sciences",Secondary School Diploma (GPA 3.0+),IELTS 6.5 / TOEFL 85+ / Local Entrance Exam
Augustana University College,"Alberta, Canada",Public,"$10,000 - $35,000","STEM, Business, Social Sciences",Secondary School Diploma (GPA 3.0+),IELTS 6.5 / TOEFL 85+ / Local Entrance Exam
British Columbia Institute of Technology,"British Columbia, Canada",Public,"$10,000 - $35,000","STEM, Business, Social Sciences",Secondary School Diploma (GPA 3.0+),IELTS 6.5 / TOEFL 85+ / Local Entrance Exam
British Columbia Open University,"British Columbia, Canada",Public,"$10,000 - $35,000","STEM, Business, Social Sciences",Secondary School Diploma (GPA 3.0+),IELTS 6.5 / TOEFL 85+ / Local Entrance Exam
William and Catherine Booth College,"Manitoba, Canada",Public,"$10,000 - $35,000","STEM, Business, Social Sciences",Secondary School Diploma (GPA 3.0+),IELTS 6.5 / TOEFL 85+ / Local Entrance Exam
Collège Boréal,"Ontario, Canada",Public,"$10,000 - $35,000","STEM, Business, Social Sciences",Secondary School Diploma (GPA 3.0+),IELTS 6.5 / TOEFL 85+ / Local Entrance Exam
Bow Valley College,"Alberta, Canada",Public,"$10,000 - $35,000","STEM, Business, Social Sciences",Secondary School Diploma (GPA 3.0+),IELTS 6.5 / TOEFL 85+ / Local Entrance Exam
Brandon University,"Manitoba, Canada",Public,"$10,000 - $35,000","STEM, Business, Social Sciences",Secondary School Diploma (GPA 3.0+),IELTS 6.5 / TOEFL 85+ / Local Entrance Exam
Brock University,"Ontario, Canada",Public,"$10,000 - $35,000","STEM, Business, Social Sciences",Secondary School Diploma (GPA 3.0+),IELTS 6.5 / TOEFL 85+ / Local Entrance Exam
DeVry Institute of Technology,"Alberta, Canada",Public,"$10,000 - $35,000","STEM, Business, Social Sciences",Secondary School Diploma (GPA 3.0+),IELTS 6.5 / TOEFL 85+ / Local Entrance Exam
Camosun College,"British Columbia, Canada",Public,"$10,000 - $35,000","STEM, Business, Social Sciences",Secondary School Diploma (GPA 3.0+),IELTS 6.5 / TOEFL 85+ / Local Entrance Exam
Capilano College,"British Columbia, Canada",Public,"$10,000 - $35,000","STEM, Business, Social Sciences",Secondary School Diploma (GPA 3.0+),IELTS 6.5 / TOEFL 85+ / Local Entrance Exam
University College of the Cariboo,"British Columbia, Canada",Public,"$10,000 - $35,000","STEM, Business, Social Sciences",Secondary School Diploma (GPA 3.0+),IELTS 6.5 / TOEFL 85+ / Local Entrance Exam
Carleton University,"Ontario, Canada",Public,"$10,000 - $35,000","STEM, Business, Social Sciences",Secondary School Diploma (GPA 3.0+),IELTS 6.5 / TOEFL 85+ / Local Entrance Exam
Canadian College of Business & Computers,"Ontario, Canada",Public,"$10,000 - $35,000","STEM, Business, Social Sciences",Secondary School Diploma (GPA 3.0+),IELTS 6.5 / TOEFL 85+ / Local Entrance Exam
Centennial College,"Ontario, Canada",Public,"$10,000 - $35,000","STEM, Business, Social Sciences",Secondary School Diploma (GPA 3.0+),IELTS 6.5 / TOEFL 85+ / Local Entrance Exam
Canadian Mennonite University,"Manitoba, Canada",Public,"$10,000 - $35,000","STEM, Business, Social Sciences",Secondary School Diploma (GPA 3.0+),IELTS 6.5 / TOEFL 85+ / Local Entrance Exam
College of New Caledonia,"British Columbia, Canada",Public,"$10,000 - $35,000","STEM, Business, Social Sciences",Secondary School Diploma (GPA 3.0+),IELTS 6.5 / TOEFL 85+ / Local Entrance Exam
Columbia College,"British Columbia, Canada",Public,"$10,000 - $35,000","STEM, Business, Social Sciences",Secondary School Diploma (GPA 3.0+),IELTS 6.5 / TOEFL 85+ / Local Entrance Exam
Concordia University College of Alberta,"Alberta, Canada",Public,"$10,000 - $35,000","STEM, Business, Social Sciences",Secondary School Diploma (GPA 3.0+),IELTS 6.5 / TOEFL 85+ / Local Entrance Exam
Concordia University,"Quebec, Canada",Public,"$10,000 - $35,000","STEM, Business, Social Sciences",Secondary School Diploma (GPA 3.0+),IELTS 6.5 / TOEFL 85+ / Local Entrance Exam
Conestoga College,"Ontario, Canada",Public,"$10,000 - $35,000","STEM, Business, Social Sciences",Secondary School Diploma (GPA 3.0+),IELTS 6.5 / TOEFL 85+ / Local Entrance Exam
College of the Rockies,"British Columbia, Canada",Public,"$10,000 - $35,000","STEM, Business, Social Sciences",Secondary School Diploma (GPA 3.0+),IELTS 6.5 / TOEFL 85+ / Local Entrance Exam
"University of Moncton, Shippagan","New Brunswick, Canada",Public,"$10,000 - $35,000","STEM, Business, Social Sciences",Secondary School Diploma (GPA 3.0+),IELTS 6.5 / TOEFL 85+ / Local Entrance Exam
"University of Moncton, Edmundston","New Brunswick, Canada",Public,"$10,000 - $35,000","STEM, Business, Social Sciences",Secondary School Diploma (GPA 3.0+),IELTS 6.5 / TOEFL 85+ / Local Entrance Exam
Dalhousie University,"Nova Scotia, Canada",Public,"$10,000 - $35,000","STEM, Business, Social Sciences",Secondary School Diploma (GPA 3.0+),IELTS 6.5 / TOEFL 85+ / Local Entrance Exam
Douglas College,"British Columbia, Canada",Public,"$10,000 - $35,000","STEM, Business, Social Sciences",Secondary School Diploma (GPA 3.0+),IELTS 6.5 / TOEFL 85+ / Local Entrance Exam
Durham College,"Ontario, Canada",Public,"$10,000 - $35,000","STEM, Business, Social Sciences",Secondary School Diploma (GPA 3.0+),IELTS 6.5 / TOEFL 85+ / Local Entrance Exam
Emily Carr Institute of Art + Design,"British Columbia, Canada",Public,"$10,000 - $35,000","STEM, Business, Social Sciences",Secondary School Diploma (GPA 3.0+),IELTS 6.5 / TOEFL 85+ / Local Entrance Exam
"École nationale d'administration publique, Université du Québec","Quebec, Canada",Public,"$10,000 - $35,000","STEM, Business, Social Sciences",Secondary School Diploma (GPA 3.0+),IELTS 6.5 / TOEFL 85+ / Local Entrance Exam
"École de technologie supérieure, Université du Québec","Quebec, Canada",Public,"$10,000 - $35,000","STEM, Business, Social Sciences",Secondary School Diploma (GPA 3.0+),IELTS 6.5 / TOEFL 85+ / Local Entrance Exam
First Nations University of Canada,"Saskatchewan, Canada",Public,"$10,000 - $35,000","STEM, Business, Social Sciences",Secondary School Diploma (GPA 3.0+),IELTS 6.5 / TOEFL 85+ / Local Entrance Exam
George Brown College,"Ontario, Canada",Public,"$10,000 - $35,000","STEM, Business, Social Sciences",Secondary School Diploma (GPA 3.0+),IELTS 6.5 / TOEFL 85+ / Local Entrance Exam
École des Hautes Études Commerciales,"Quebec, Canada",Public,"$10,000 - $35,000","STEM, Business, Social Sciences",Secondary School Diploma (GPA 3.0+),IELTS 6.5 / TOEFL 85+ / Local Entrance Exam
Humber College,"Ontario, Canada",Public,"$10,000 - $35,000","STEM, Business, Social Sciences",Secondary School Diploma (GPA 3.0+),IELTS 6.5 / TOEFL 85+ / Local Entrance Exam
Huron University College,"Ontario, Canada",Public,"$10,000 - $35,000","STEM, Business, Social Sciences",Secondary School Diploma (GPA 3.0+),IELTS 6.5 / TOEFL 85+ / Local Entrance Exam
"Institut Armand-Frappier, Université du Québec","Quebec, Canada",Public,"$10,000 - $35,000","STEM, Business, Social Sciences",Secondary School Diploma (GPA 3.0+),IELTS 6.5 / TOEFL 85+ / Local Entrance Exam
"Institut National de la Recherche Scientifique, Université du Québec","Quebec, Canada",Public,"$10,000 - $35,000","STEM, Business, Social Sciences",Secondary School Diploma (GPA 3.0+),IELTS 6.5 / TOEFL 85+ / Local Entrance Exam
Kingston College,"Ontario, Canada",Public,"$10,000 - $35,000","STEM, Business, Social Sciences",Secondary School Diploma (GPA 3.0+),IELTS 6.5 / TOEFL 85+ / Local Entrance Exam
IU Internationale Hochschule GmbH,"Thuringia, Germany",Public,"$10,000 - $35,000","STEM, Business, Social Sciences",Secondary School Diploma (GPA 3.0+),IELTS 6.5 / TOEFL 85+ / Local Entrance Exam
"AKAD Hochschulen für Berufstätige, Fachhochschule Leipzig","Germany, Germany",Public,"$10,000 - $35,000","STEM, Business, Social Sciences",Secondary School Diploma (GPA 3.0+),IELTS 6.5 / TOEFL 85+ / Local Entrance Exam
Alice-Salomon-Fachhochschule für Sozialarbeit und Sozialpädagogik Berlin,"Germany, Germany",Public,"$10,000 - $35,000","STEM, Business, Social Sciences",Secondary School Diploma (GPA 3.0+),IELTS 6.5 / TOEFL 85+ / Local Entrance Exam
Augustana Hochschule Neuendettelsau,"Germany, Germany",Public,"$10,000 - $35,000","STEM, Business, Social Sciences",Secondary School Diploma (GPA 3.0+),IELTS 6.5 / TOEFL 85+ / Local Entrance Exam
Kirchliche Hochschule Bethel,"Germany, Germany",Public,"$10,000 - $35,000","STEM, Business, Social Sciences",Secondary School Diploma (GPA 3.0+),IELTS 6.5 / TOEFL 85+ / Local Entrance Exam
BiTS - Business and Information Technology School gGmbH,"Germany, Germany",Public,"$10,000 - $35,000","STEM, Business, Social Sciences",Secondary School Diploma (GPA 3.0+),IELTS 6.5 / TOEFL 85+ / Local Entrance Exam
Cologne Business School,"Germany, Germany",Public,"$10,000 - $35,000","STEM, Business, Social Sciences",Secondary School Diploma (GPA 3.0+),IELTS 6.5 / TOEFL 85+ / Local Entrance Exam
Charité – Universitätsmedizin Berlin,"Berlin, Germany",Public,"$10,000 - $35,000","STEM, Business, Social Sciences",Secondary School Diploma (GPA 3.0+),IELTS 6.5 / TOEFL 85+ / Local Entrance Exam
CODE University of Applied Sciences Berlin,"Germany, Germany",Public,"$10,000 - $35,000","STEM, Business, Social Sciences",Secondary School Diploma (GPA 3.0+),IELTS 6.5 / TOEFL 85+ / Local Entrance Exam
Deutsche Hochschule für Verwaltungswissenschaften Speyer,"Germany, Germany",Public,"$10,000 - $35,000","STEM, Business, Social Sciences",Secondary School Diploma (GPA 3.0+),IELTS 6.5 / TOEFL 85+ / Local Entrance Exam
DIPLOMA-Fachhochschule Ölsnitz/Vogtland,"Germany, Germany",Public,"$10,000 - $35,000","STEM, Business, Social Sciences",Secondary School Diploma (GPA 3.0+),IELTS 6.5 / TOEFL 85+ / Local Entrance Exam
Deutsche Sporthochschule Köln,"Germany, Germany",Public,"$10,000 - $35,000","STEM, Business, Social Sciences",Secondary School Diploma (GPA 3.0+),IELTS 6.5 / TOEFL 85+ / Local Entrance Exam
E.A.P. Europäische Wirtschaftshochschule Berlin,"Germany, Germany",Public,"$10,000 - $35,000","STEM, Business, Social Sciences",Secondary School Diploma (GPA 3.0+),IELTS 6.5 / TOEFL 85+ / Local Entrance Exam
Europäische Betriebswirtschafts-Akademie,"Germany, Germany",Public,"$10,000 - $35,000","STEM, Business, Social Sciences",Secondary School Diploma (GPA 3.0+),IELTS 6.5 / TOEFL 85+ / Local Entrance Exam
European Business School Schloß Reichartshausen,"Germany, Germany",Public,"$10,000 - $35,000","STEM, Business, Social Sciences",Secondary School Diploma (GPA 3.0+),IELTS 6.5 / TOEFL 85+ / Local Entrance Exam
European College of Liberal Arts,"Germany, Germany",Public,"$10,000 - $35,000","STEM, Business, Social Sciences",Secondary School Diploma (GPA 3.0+),IELTS 6.5 / TOEFL 85+ / Local Entrance Exam
Evangelische Fachhochschule Rheinland-Westfalen-Lippe,"Germany, Germany",Public,"$10,000 - $35,000","STEM, Business, Social Sciences",Secondary School Diploma (GPA 3.0+),IELTS 6.5 / TOEFL 85+ / Local Entrance Exam
Evangelische Fachhochschule Darmstadt,"Germany, Germany",Public,"$10,000 - $35,000","STEM, Business, Social Sciences",Secondary School Diploma (GPA 3.0+),IELTS 6.5 / TOEFL 85+ / Local Entrance Exam
"Evangelische Fachhochschule Freiburg, Hochschule für Soziale Arbeit, Diakonie und Religionspädagogik","Germany, Germany",Public,"$10,000 - $35,000","STEM, Business, Social Sciences",Secondary School Diploma (GPA 3.0+),IELTS 6.5 / TOEFL 85+ / Local Entrance Exam
Evangelische Fachhochschule Hannover,"Germany, Germany",Public,"$10,000 - $35,000","STEM, Business, Social Sciences",Secondary School Diploma (GPA 3.0+),IELTS 6.5 / TOEFL 85+ / Local Entrance Exam
Evangelische Fachhochschule Ludwigshafen Hochschule für Sozial- und Gesundheitswesen,"Germany, Germany",Public,"$10,000 - $35,000","STEM, Business, Social Sciences",Secondary School Diploma (GPA 3.0+),IELTS 6.5 / TOEFL 85+ / Local Entrance Exam
"Evangelische Fachhochschule Reutlingen-Ludwigsburg, Hochschule für Soziale Arbeit, Religionspädagogik und Diakonie","Germany, Germany",Public,"$10,000 - $35,000","STEM, Business, Social Sciences",Secondary School Diploma (GPA 3.0+),IELTS 6.5 / TOEFL 85+ / Local Entrance Exam
Evangelische Hochschule für Soziale Arbeit Dresden (FH),"Germany, Germany",Public,"$10,000 - $35,000","STEM, Business, Social Sciences",Secondary School Diploma (GPA 3.0+),IELTS 6.5 / TOEFL 85+ / Local Entrance Exam
European Management School,"Germany, Germany",Public,"$10,000 - $35,000","STEM, Business, Social Sciences",Secondary School Diploma (GPA 3.0+),IELTS 6.5 / TOEFL 85+ / Local Entrance Exam
Europäische Fachhochschule,"Germany, Germany",Public,"$10,000 - $35,000","STEM, Business, Social Sciences",Secondary School Diploma (GPA 3.0+),IELTS 6.5 / TOEFL 85+ / Local Entrance Exam
Europa-Universität Viadrina Frankfurt (Oder),"Germany, Germany",Public,"$10,000 - $35,000","STEM, Business, Social Sciences",Secondary School Diploma (GPA 3.0+),IELTS 6.5 / TOEFL 85+ / Local Entrance Exam
"Evangelische Fachhochschule Berlin, Fachhochschule für Sozialarbeit und Sozialpädagogik","Germany, Germany",Public,"$10,000 - $35,000","STEM, Business, Social Sciences",Secondary School Diploma (GPA 3.0+),IELTS 6.5 / TOEFL 85+ / Local Entrance Exam
Evangelische Fachhochschule Nürnberg,"Germany, Germany",Public,"$10,000 - $35,000","STEM, Business, Social Sciences",Secondary School Diploma (GPA 3.0+),IELTS 6.5 / TOEFL 85+ / Local Entrance Exam
Fern-Fachhochschule Hamburg,"Germany, Germany",Public,"$10,000 - $35,000","STEM, Business, Social Sciences",Secondary School Diploma (GPA 3.0+),IELTS 6.5 / TOEFL 85+ / Local Entrance Exam
Fernuniversität Gesamthochschule Hagen,"Germany, Germany",Public,"$10,000 - $35,000","STEM, Business, Social Sciences",Secondary School Diploma (GPA 3.0+),IELTS 6.5 / TOEFL 85+ / Local Entrance Exam
Fachhochschule Aachen,"Germany, Germany",Public,"$10,000 - $35,000","STEM, Business, Social Sciences",Secondary School Diploma (GPA 3.0+),IELTS 6.5 / TOEFL 85+ / Local Entrance Exam
Fachhochschule Aschaffenburg,"Germany, Germany",Public,"$10,000 - $35,000","STEM, Business, Social Sciences",Secondary School Diploma (GPA 3.0+),IELTS 6.5 / TOEFL 85+ / Local Entrance Exam
Technical University of Applied Sciences Augsburg,"Germany, Germany",Public,"$10,000 - $35,000","STEM, Business, Social Sciences",Secondary School Diploma (GPA 3.0+),IELTS 6.5 / TOEFL 85+ / Local Entrance Exam
Internationale Fachhochschule Bad Honnef,"Germany, Germany",Public,"$10,000 - $35,000","STEM, Business, Social Sciences",Secondary School Diploma (GPA 3.0+),IELTS 6.5 / TOEFL 85+ / Local Entrance Exam
"Fachhochschule Biberach, Hochschule für Bauwesen und Wirtschaft","Germany, Germany",Public,"$10,000 - $35,000","STEM, Business, Social Sciences",Secondary School Diploma (GPA 3.0+),IELTS 6.5 / TOEFL 85+ / Local Entrance Exam
Fachhochschule Bielefeld,"Germany, Germany",Public,"$10,000 - $35,000","STEM, Business, Social Sciences",Secondary School Diploma (GPA 3.0+),IELTS 6.5 / TOEFL 85+ / Local Entrance Exam
Fachhochschule Bingen,"Germany, Germany",Public,"$10,000 - $35,000","STEM, Business, Social Sciences",Secondary School Diploma (GPA 3.0+),IELTS 6.5 / TOEFL 85+ / Local Entrance Exam
Fachhochschule Bochum,"Germany, Germany",Public,"$10,000 - $35,000","STEM, Business, Social Sciences",Secondary School Diploma (GPA 3.0+),IELTS 6.5 / TOEFL 85+ / Local Entrance Exam
Hochschule Bonn-Rhein-Sieg,"Germany, Germany",Public,"$10,000 - $35,000","STEM, Business, Social Sciences",Secondary School Diploma (GPA 3.0+),IELTS 6.5 / TOEFL 85+ / Local Entrance Exam
Fachhochschule Brandenburg,"Germany, Germany",Public,"$10,000 - $35,000","STEM, Business, Social Sciences",Secondary School Diploma (GPA 3.0+),IELTS 6.5 / TOEFL 85+ / Local Entrance Exam
Technische Hochschule Brandenburg,"Germany, Germany",Public,"$10,000 - $35,000","STEM, Business, Social Sciences",Secondary School Diploma (GPA 3.0+),IELTS 6.5 / TOEFL 85+ / Local Entrance Exam
Technische Hochschule Deggendorf,"Germany, Germany",Public,"$10,000 - $35,000","STEM, Business, Social Sciences",Secondary School Diploma (GPA 3.0+),IELTS 6.5 / TOEFL 85+ / Local Entrance Exam
Fachhochschule Dortmund,"Germany, Germany",Public,"$10,000 - $35,000","STEM, Business, Social Sciences",Secondary School Diploma (GPA 3.0+),IELTS 6.5 / TOEFL 85+ / Local Entrance Exam
Hochschule Düsseldorf,"Germany, Germany",Public,"$10,000 - $35,000","STEM, Business, Social Sciences",Secondary School Diploma (GPA 3.0+),IELTS 6.5 / TOEFL 85+ / Local Entrance Exam
Fachhochschule für die Wirtschaft,"Germany, Germany",Public,"$10,000 - $35,000","STEM, Business, Social Sciences",Secondary School Diploma (GPA 3.0+),IELTS 6.5 / TOEFL 85+ / Local Entrance Exam
Fachhochschule der Wirtschaft,"Germany, Germany",Public,"$10,000 - $35,000","STEM, Business, Social Sciences",Secondary School Diploma (GPA 3.0+),IELTS 6.5 / TOEFL 85+ / Local Entrance Exam
Aarhus School of Architecture,"Denmark, Denmark",Public,"$10,000 - $35,000","STEM, Business, Social Sciences",Secondary School Diploma (GPA 3.0+),IELTS 6.5 / TOEFL 85+ / Local Entrance Exam
Aalborg Business College,"Denmark, Denmark",Public,"$10,000 - $35,000","STEM, Business, Social Sciences",Secondary School Diploma (GPA 3.0+),IELTS 6.5 / TOEFL 85+ / Local Entrance Exam
Aarhus Technical College,"Denmark, Denmark",Public,"$10,000 - $35,000","STEM, Business, Social Sciences",Secondary School Diploma (GPA 3.0+),IELTS 6.5 / TOEFL 85+ / Local Entrance Exam
Aalborg University,"Denmark, Denmark",Public,"$10,000 - $35,000","STEM, Business, Social Sciences",Secondary School Diploma (GPA 3.0+),IELTS 6.5 / TOEFL 85+ / Local Entrance Exam
Aarhus University,"Denmark, Denmark",Public,"$10,000 - $35,000","STEM, Business, Social Sciences",Secondary School Diploma (GPA 3.0+),IELTS 6.5 / TOEFL 85+ / Local Entrance Exam
Copenhagen Business School,"Denmark, Denmark",Public,"$10,000 - $35,000","STEM, Business, Social Sciences",Secondary School Diploma (GPA 3.0+),IELTS 6.5 / TOEFL 85+ / Local Entrance Exam
Royal School of Library and Information Science,"Denmark, Denmark",Public,"$10,000 - $35,000","STEM, Business, Social Sciences",Secondary School Diploma (GPA 3.0+),IELTS 6.5 / TOEFL 85+ / Local Entrance Exam
Danish Business Academy,"Denmark, Denmark",Public,"$10,000 - $35,000","STEM, Business, Social Sciences",Secondary School Diploma (GPA 3.0+),IELTS 6.5 / TOEFL 85+ / Local Entrance Exam
Royal Danish School of Pharmacy,"Denmark, Denmark",Public,"$10,000 - $35,000","STEM, Business, Social Sciences",Secondary School Diploma (GPA 3.0+),IELTS 6.5 / TOEFL 85+ / Local Entrance Exam
Royal Danish Academy of Music,"Denmark, Denmark",Public,"$10,000 - $35,000","STEM, Business, Social Sciences",Secondary School Diploma (GPA 3.0+),IELTS 6.5 / TOEFL 85+ / Local Entrance Exam
Royal Danish School of Educational Sciences,"Denmark, Denmark",Public,"$10,000 - $35,000","STEM, Business, Social Sciences",Secondary School Diploma (GPA 3.0+),IELTS 6.5 / TOEFL 85+ / Local Entrance Exam
Danish University of Education,"Denmark, Denmark",Public,"$10,000 - $35,000","STEM, Business, Social Sciences",Secondary School Diploma (GPA 3.0+),IELTS 6.5 / TOEFL 85+ / Local Entrance Exam
Technical University of Denmark,"Denmark, Denmark",Public,"$10,000 - $35,000","STEM, Business, Social Sciences",Secondary School Diploma (GPA 3.0+),IELTS 6.5 / TOEFL 85+ / Local Entrance Exam
Aarhus School of Business,"Denmark, Denmark",Public,"$10,000 - $35,000","STEM, Business, Social Sciences",Secondary School Diploma (GPA 3.0+),IELTS 6.5 / TOEFL 85+ / Local Entrance Exam
Southern Denmark Business School,"Denmark, Denmark",Public,"$10,000 - $35,000","STEM, Business, Social Sciences",Secondary School Diploma (GPA 3.0+),IELTS 6.5 / TOEFL 85+ / Local Entrance Exam
International Business School of Scandinavia,"Denmark, Denmark",Public,"$10,000 - $35,000","STEM, Business, Social Sciences",Secondary School Diploma (GPA 3.0+),IELTS 6.5 / TOEFL 85+ / Local Entrance Exam
Engineering College of Aarhus,"Denmark, Denmark",Public,"$10,000 - $35,000","STEM, Business, Social Sciences",Secondary School Diploma (GPA 3.0+),IELTS 6.5 / TOEFL 85+ / Local Entrance Exam
Engineering College of Copenhagen,"Denmark, Denmark",Public,"$10,000 - $35,000","STEM, Business, Social Sciences",Secondary School Diploma (GPA 3.0+),IELTS 6.5 / TOEFL 85+ / Local Entrance Exam
International People's College,"Denmark, Denmark",Public,"$10,000 - $35,000","STEM, Business, Social Sciences",Secondary School Diploma (GPA 3.0+),IELTS 6.5 / TOEFL 85+ / Local Entrance Exam
IT University of Copenhagen,"Denmark, Denmark",Public,"$10,000 - $35,000","STEM, Business, Social Sciences",Secondary School Diploma (GPA 3.0+),IELTS 6.5 / TOEFL 85+ / Local Entrance Exam
"Royal Danish Academy of Fine Arts, School of Architecture","Denmark, Denmark",Public,"$10,000 - $35,000","STEM, Business, Social Sciences",Secondary School Diploma (GPA 3.0+),IELTS 6.5 / TOEFL 85+ / Local Entrance Exam
Knightsbridge University,"Denmark, Denmark",Public,"$10,000 - $35,000","STEM, Business, Social Sciences",Secondary School Diploma (GPA 3.0+),IELTS 6.5 / TOEFL 85+ / Local Entrance Exam
University of Copenhagen,"Denmark, Denmark",Public,"$10,000 - $35,000","STEM, Business, Social Sciences",Secondary School Diploma (GPA 3.0+),IELTS 6.5 / TOEFL 85+ / Local Entrance Exam
"Royal Danish Academy of Fine Arts, School of Visual Art","Denmark, Denmark",Public,"$10,000 - $35,000","STEM, Business, Social Sciences",Secondary School Diploma (GPA 3.0+),IELTS 6.5 / TOEFL 85+ / Local Entrance Exam
Royal Veterinary and Agricultural University,"Denmark, Denmark",Public,"$10,000 - $35,000","STEM, Business, Social Sciences",Secondary School Diploma (GPA 3.0+),IELTS 6.5 / TOEFL 85+ / Local Entrance Exam
Royal Academy of Music,"Denmark, Denmark",Public,"$10,000 - $35,000","STEM, Business, Social Sciences",Secondary School Diploma (GPA 3.0+),IELTS 6.5 / TOEFL 85+ / Local Entrance Exam
Odense University,"Denmark, Denmark",Public,"$10,000 - $35,000","STEM, Business, Social Sciences",Secondary School Diploma (GPA 3.0+),IELTS 6.5 / TOEFL 85+ / Local Entrance Exam
Roskilde University,"Denmark, Denmark",Public,"$10,000 - $35,000","STEM, Business, Social Sciences",Secondary School Diploma (GPA 3.0+),IELTS 6.5 / TOEFL 85+ / Local Entrance Exam
University of Southern Denmark - SDU,"Denmark, Denmark",Public,"$10,000 - $35,000","STEM, Business, Social Sciences",Secondary School Diploma (GPA 3.0+),IELTS 6.5 / TOEFL 85+ / Local Entrance Exam
Lutheran School Of Theology In Aarhus,"Denmark, Denmark",Public,"$10,000 - $35,000","STEM, Business, Social Sciences",Secondary School Diploma (GPA 3.0+),IELTS 6.5 / TOEFL 85+ / Local Entrance Exam
Tietgen Business College,"Denmark, Denmark",Public,"$10,000 - $35,000","STEM, Business, Social Sciences",Secondary School Diploma (GPA 3.0+),IELTS 6.5 / TOEFL 85+ / Local Entrance Exam
VIA University College,"Denmark, Denmark",Public,"$10,000 - $35,000","STEM, Business, Social Sciences",Secondary School Diploma (GPA 3.0+),IELTS 6.5 / TOEFL 85+ / Local Entrance Exam
Asmildkloster Agricultural School,"Denmark, Denmark",Public,"$10,000 - $35,000","STEM, Business, Social Sciences",Secondary School Diploma (GPA 3.0+),IELTS 6.5 / TOEFL 85+ / Local Entrance Exam
Kalø Økologisk Agricultural College,"Denmark, Denmark",Public,"$10,000 - $35,000","STEM, Business, Social Sciences",Secondary School Diploma (GPA 3.0+),IELTS 6.5 / TOEFL 85+ / Local Entrance Exam
Blekinge Institute of Technology,"Sweden, Sweden",Public,"$10,000 - $35,000","STEM, Business, Social Sciences",Secondary School Diploma (GPA 3.0+),IELTS 6.5 / TOEFL 85+ / Local Entrance Exam
Chalmers University of Technology,"Sweden, Sweden",Public,"$10,000 - $35,000","STEM, Business, Social Sciences",Secondary School Diploma (GPA 3.0+),IELTS 6.5 / TOEFL 85+ / Local Entrance Exam
Dalarna University College,"Sweden, Sweden",Public,"$10,000 - $35,000","STEM, Business, Social Sciences",Secondary School Diploma (GPA 3.0+),IELTS 6.5 / TOEFL 85+ / Local Entrance Exam
Göteborg University,"Sweden, Sweden",Public,"$10,000 - $35,000","STEM, Business, Social Sciences",Secondary School Diploma (GPA 3.0+),IELTS 6.5 / TOEFL 85+ / Local Entrance Exam
University College of Borås,"Sweden, Sweden",Public,"$10,000 - $35,000","STEM, Business, Social Sciences",Secondary School Diploma (GPA 3.0+),IELTS 6.5 / TOEFL 85+ / Local Entrance Exam
School of Design and Crafts,"Sweden, Sweden",Public,"$10,000 - $35,000","STEM, Business, Social Sciences",Secondary School Diploma (GPA 3.0+),IELTS 6.5 / TOEFL 85+ / Local Entrance Exam
Gotland University College,"Sweden, Sweden",Public,"$10,000 - $35,000","STEM, Business, Social Sciences",Secondary School Diploma (GPA 3.0+),IELTS 6.5 / TOEFL 85+ / Local Entrance Exam
Halmstad University College,"Sweden, Sweden",Public,"$10,000 - $35,000","STEM, Business, Social Sciences",Secondary School Diploma (GPA 3.0+),IELTS 6.5 / TOEFL 85+ / Local Entrance Exam
Stockholm School of Economics,"Sweden, Sweden",Public,"$10,000 - $35,000","STEM, Business, Social Sciences",Secondary School Diploma (GPA 3.0+),IELTS 6.5 / TOEFL 85+ / Local Entrance Exam
University College of Gävle,"Sweden, Sweden",Public,"$10,000 - $35,000","STEM, Business, Social Sciences",Secondary School Diploma (GPA 3.0+),IELTS 6.5 / TOEFL 85+ / Local Entrance Exam
Kalmar University College,"Sweden, Sweden",Public,"$10,000 - $35,000","STEM, Business, Social Sciences",Secondary School Diploma (GPA 3.0+),IELTS 6.5 / TOEFL 85+ / Local Entrance Exam
University College of Skövde,"Sweden, Sweden",Public,"$10,000 - $35,000","STEM, Business, Social Sciences",Secondary School Diploma (GPA 3.0+),IELTS 6.5 / TOEFL 85+ / Local Entrance Exam
Jönköping University College,"Sweden, Sweden",Public,"$10,000 - $35,000","STEM, Business, Social Sciences",Secondary School Diploma (GPA 3.0+),IELTS 6.5 / TOEFL 85+ / Local Entrance Exam
University College of Kristianstad,"Sweden, Sweden",Public,"$10,000 - $35,000","STEM, Business, Social Sciences",Secondary School Diploma (GPA 3.0+),IELTS 6.5 / TOEFL 85+ / Local Entrance Exam
University College of Trollhättan/Uddevalla,"Sweden, Sweden",Public,"$10,000 - $35,000","STEM, Business, Social Sciences",Secondary School Diploma (GPA 3.0+),IELTS 6.5 / TOEFL 85+ / Local Entrance Exam
Karlstad University,"Sweden, Sweden",Public,"$10,000 - $35,000","STEM, Business, Social Sciences",Secondary School Diploma (GPA 3.0+),IELTS 6.5 / TOEFL 85+ / Local Entrance Exam
Karolinska Institute Stockholm,"Sweden, Sweden",Public,"$10,000 - $35,000","STEM, Business, Social Sciences",Secondary School Diploma (GPA 3.0+),IELTS 6.5 / TOEFL 85+ / Local Entrance Exam
"University College of Arts, Crafts and Design","Sweden, Sweden",Public,"$10,000 - $35,000","STEM, Business, Social Sciences",Secondary School Diploma (GPA 3.0+),IELTS 6.5 / TOEFL 85+ / Local Entrance Exam
KTH Royal Institute of Technology,"Sweden, Sweden",Public,"$10,000 - $35,000","STEM, Business, Social Sciences",Secondary School Diploma (GPA 3.0+),IELTS 6.5 / TOEFL 85+ / Local Entrance Exam
Stockholm Institute of Education,"Sweden, Sweden",Public,"$10,000 - $35,000","STEM, Business, Social Sciences",Secondary School Diploma (GPA 3.0+),IELTS 6.5 / TOEFL 85+ / Local Entrance Exam
Linköping University,"Sweden, Sweden",Public,"$10,000 - $35,000","STEM, Business, Social Sciences",Secondary School Diploma (GPA 3.0+),IELTS 6.5 / TOEFL 85+ / Local Entrance Exam
Lund University,"Sweden, Sweden",Public,"$10,000 - $35,000","STEM, Business, Social Sciences",Secondary School Diploma (GPA 3.0+),IELTS 6.5 / TOEFL 85+ / Local Entrance Exam
Lulea University of Technology,"Sweden, Sweden",Public,"$10,000 - $35,000","STEM, Business, Social Sciences",Secondary School Diploma (GPA 3.0+),IELTS 6.5 / TOEFL 85+ / Local Entrance Exam
Malmö University College,"Sweden, Sweden",Public,"$10,000 - $35,000","STEM, Business, Social Sciences",Secondary School Diploma (GPA 3.0+),IELTS 6.5 / TOEFL 85+ / Local Entrance Exam
Mälardalen University,"Sweden, Sweden",Public,"$10,000 - $35,000","STEM, Business, Social Sciences",Secondary School Diploma (GPA 3.0+),IELTS 6.5 / TOEFL 85+ / Local Entrance Exam
Mid-Sweden University,"Sweden, Sweden",Public,"$10,000 - $35,000","STEM, Business, Social Sciences",Secondary School Diploma (GPA 3.0+),IELTS 6.5 / TOEFL 85+ / Local Entrance Exam
Nordic School of Public Health,"Sweden, Sweden",Public,"$10,000 - $35,000","STEM, Business, Social Sciences",Secondary School Diploma (GPA 3.0+),IELTS 6.5 / TOEFL 85+ / Local Entrance Exam
Örebro University,"Sweden, Sweden",Public,"$10,000 - $35,000","STEM, Business, Social Sciences",Secondary School Diploma (GPA 3.0+),IELTS 6.5 / TOEFL 85+ / Local Entrance Exam
Södertörn University College,"Sweden, Sweden",Public,"$10,000 - $35,000","STEM, Business, Social Sciences",Secondary School Diploma (GPA 3.0+),IELTS 6.5 / TOEFL 85+ / Local Entrance Exam
Swedish University of Agricultural Sciences,"Sweden, Sweden",Public,"$10,000 - $35,000","STEM, Business, Social Sciences",Secondary School Diploma (GPA 3.0+),IELTS 6.5 / TOEFL 85+ / Local Entrance Exam
Free University Stockholm,"Sweden, Sweden",Public,"$10,000 - $35,000","STEM, Business, Social Sciences",Secondary School Diploma (GPA 3.0+),IELTS 6.5 / TOEFL 85+ / Local Entrance Exam
Stockholm University,"Sweden, Sweden",Public,"$10,000 - $35,000","STEM, Business, Social Sciences",Secondary School Diploma (GPA 3.0+),IELTS 6.5 / TOEFL 85+ / Local Entrance Exam
Umea University,"Sweden, Sweden",Public,"$10,000 - $35,000","STEM, Business, Social Sciences",Secondary School Diploma (GPA 3.0+),IELTS 6.5 / TOEFL 85+ / Local Entrance Exam
Uppsala University,"Sweden, Sweden",Public,"$10,000 - $35,000","STEM, Business, Social Sciences",Secondary School Diploma (GPA 3.0+),IELTS 6.5 / TOEFL 85+ / Local Entrance Exam
Växjö University,"Sweden, Sweden",Public,"$10,000 - $35,000","STEM, Business, Social Sciences",Secondary School Diploma (GPA 3.0+),IELTS 6.5 / TOEFL 85+ / Local Entrance Exam
World Maritime University,"Sweden, Sweden",Public,"$10,000 - $35,000","STEM, Business, Social Sciences",Secondary School Diploma (GPA 3.0+),IELTS 6.5 / TOEFL 85+ / Local Entrance Exam
Oslo School of Architecture,"Norway, Norway",Public,"$10,000 - $35,000","STEM, Business, Social Sciences",Secondary School Diploma (GPA 3.0+),IELTS 6.5 / TOEFL 85+ / Local Entrance Exam
Norwegian School of Management BI,"Norway, Norway",Public,"$10,000 - $35,000","STEM, Business, Social Sciences",Secondary School Diploma (GPA 3.0+),IELTS 6.5 / TOEFL 85+ / Local Entrance Exam
Agder University College,"Norway, Norway",Public,"$10,000 - $35,000","STEM, Business, Social Sciences",Secondary School Diploma (GPA 3.0+),IELTS 6.5 / TOEFL 85+ / Local Entrance Exam
Bergen University College,"Norway, Norway",Public,"$10,000 - $35,000","STEM, Business, Social Sciences",Secondary School Diploma (GPA 3.0+),IELTS 6.5 / TOEFL 85+ / Local Entrance Exam
Bodo Regional University,"Norway, Norway",Public,"$10,000 - $35,000","STEM, Business, Social Sciences",Secondary School Diploma (GPA 3.0+),IELTS 6.5 / TOEFL 85+ / Local Entrance Exam
Finnmark University College,"Norway, Norway",Public,"$10,000 - $35,000","STEM, Business, Social Sciences",Secondary School Diploma (GPA 3.0+),IELTS 6.5 / TOEFL 85+ / Local Entrance Exam
Lillehammer University College,"Norway, Norway",Public,"$10,000 - $35,000","STEM, Business, Social Sciences",Secondary School Diploma (GPA 3.0+),IELTS 6.5 / TOEFL 85+ / Local Entrance Exam
Molde University College,"Norway, Norway",Public,"$10,000 - $35,000","STEM, Business, Social Sciences",Secondary School Diploma (GPA 3.0+),IELTS 6.5 / TOEFL 85+ / Local Entrance Exam
National College of Art and Design,"Norway, Norway",Public,"$10,000 - $35,000","STEM, Business, Social Sciences",Secondary School Diploma (GPA 3.0+),IELTS 6.5 / TOEFL 85+ / Local Entrance Exam
Norwegian School of Economics and Business Administration,"Norway, Norway",Public,"$10,000 - $35,000","STEM, Business, Social Sciences",Secondary School Diploma (GPA 3.0+),IELTS 6.5 / TOEFL 85+ / Local Entrance Exam
Norwegian University of Sport and Physical Education,"Norway, Norway",Public,"$10,000 - $35,000","STEM, Business, Social Sciences",Secondary School Diploma (GPA 3.0+),IELTS 6.5 / TOEFL 85+ / Local Entrance Exam
Norway's Information Technology University College,"Norway, Norway",Public,"$10,000 - $35,000","STEM, Business, Social Sciences",Secondary School Diploma (GPA 3.0+),IELTS 6.5 / TOEFL 85+ / Local Entrance Exam
Norwegian Teacher Academy for Studies in Religion and Education,"Norway, Norway",Public,"$10,000 - $35,000","STEM, Business, Social Sciences",Secondary School Diploma (GPA 3.0+),IELTS 6.5 / TOEFL 85+ / Local Entrance Exam
Agricultural University of Norway,"Norway, Norway",Public,"$10,000 - $35,000","STEM, Business, Social Sciences",Secondary School Diploma (GPA 3.0+),IELTS 6.5 / TOEFL 85+ / Local Entrance Exam
Norwegian State Academy of Music,"Norway, Norway",Public,"$10,000 - $35,000","STEM, Business, Social Sciences",Secondary School Diploma (GPA 3.0+),IELTS 6.5 / TOEFL 85+ / Local Entrance Exam
Norwegian University of Science and Technology,"Norway, Norway",Public,"$10,000 - $35,000","STEM, Business, Social Sciences",Secondary School Diploma (GPA 3.0+),IELTS 6.5 / TOEFL 85+ / Local Entrance Exam
Oslo National Academy of Fine Arts,"Norway, Norway",Public,"$10,000 - $35,000","STEM, Business, Social Sciences",Secondary School Diploma (GPA 3.0+),IELTS 6.5 / TOEFL 85+ / Local Entrance Exam
University of Bergen,"Norway, Norway",Public,"$10,000 - $35,000","STEM, Business, Social Sciences",Secondary School Diploma (GPA 3.0+),IELTS 6.5 / TOEFL 85+ / Local Entrance Exam
University of Oslo,"Norway, Norway",Public,"$10,000 - $35,000","STEM, Business, Social Sciences",Secondary School Diploma (GPA 3.0+),IELTS 6.5 / TOEFL 85+ / Local Entrance Exam
University of Stavanger,"Norway, Norway",Public,"$10,000 - $35,000","STEM, Business, Social Sciences",Secondary School Diploma (GPA 3.0+),IELTS 6.5 / TOEFL 85+ / Local Entrance Exam
University of Tromsø,"Norway, Norway",Public,"$10,000 - $35,000","STEM, Business, Social Sciences",Secondary School Diploma (GPA 3.0+),IELTS 6.5 / TOEFL 85+ / Local Entrance Exam
Norwegian University of Life Sciences,"Norway, Norway",Public,"$10,000 - $35,000","STEM, Business, Social Sciences",Secondary School Diploma (GPA 3.0+),IELTS 6.5 / TOEFL 85+ / Local Entrance Exam
Norwegian College of Veterinary Medicine,"Norway, Norway",Public,"$10,000 - $35,000","STEM, Business, Social Sciences",Secondary School Diploma (GPA 3.0+),IELTS 6.5 / TOEFL 85+ / Local Entrance Exam
Kristiania University College,"Østlandet, Norway",Public,"$10,000 - $35,000","STEM, Business, Social Sciences",Secondary School Diploma (GPA 3.0+),IELTS 6.5 / TOEFL 85+ / Local Entrance Exam
University of Agder,"Agder, Norway",Public,"$10,000 - $35,000","STEM, Business, Social Sciences",Secondary School Diploma (GPA 3.0+),IELTS 6.5 / TOEFL 85+ / Local Entrance Exam
Aichi Shukutoku University,"Japan, Japan",Public,"$10,000 - $35,000","STEM, Business, Social Sciences",Secondary School Diploma (GPA 3.0+),IELTS 6.5 / TOEFL 85+ / Local Entrance Exam
Aichi Bunkyo University,"Japan, Japan",Public,"$10,000 - $35,000","STEM, Business, Social Sciences",Secondary School Diploma (GPA 3.0+),IELTS 6.5 / TOEFL 85+ / Local Entrance Exam
Aichi University of Education,"Japan, Japan",Public,"$10,000 - $35,000","STEM, Business, Social Sciences",Secondary School Diploma (GPA 3.0+),IELTS 6.5 / TOEFL 85+ / Local Entrance Exam
Aichi Prefectural University of Fine Arts & Music,"Japan, Japan",Public,"$10,000 - $35,000","STEM, Business, Social Sciences",Secondary School Diploma (GPA 3.0+),IELTS 6.5 / TOEFL 85+ / Local Entrance Exam
Aichi Gakuin University,"Japan, Japan",Public,"$10,000 - $35,000","STEM, Business, Social Sciences",Secondary School Diploma (GPA 3.0+),IELTS 6.5 / TOEFL 85+ / Local Entrance Exam
Aichi Medical University,"Japan, Japan",Public,"$10,000 - $35,000","STEM, Business, Social Sciences",Secondary School Diploma (GPA 3.0+),IELTS 6.5 / TOEFL 85+ / Local Entrance Exam
Aichi Prefectural University,"Japan, Japan",Public,"$10,000 - $35,000","STEM, Business, Social Sciences",Secondary School Diploma (GPA 3.0+),IELTS 6.5 / TOEFL 85+ / Local Entrance Exam
Aichi University,"Japan, Japan",Public,"$10,000 - $35,000","STEM, Business, Social Sciences",Secondary School Diploma (GPA 3.0+),IELTS 6.5 / TOEFL 85+ / Local Entrance Exam
Aikoku Gakuen University,"Japan, Japan",Public,"$10,000 - $35,000","STEM, Business, Social Sciences",Secondary School Diploma (GPA 3.0+),IELTS 6.5 / TOEFL 85+ / Local Entrance Exam
Aichi Institute of Technology,"Japan, Japan",Public,"$10,000 - $35,000","STEM, Business, Social Sciences",Secondary School Diploma (GPA 3.0+),IELTS 6.5 / TOEFL 85+ / Local Entrance Exam
Akita University of Economics and Law,"Japan, Japan",Public,"$10,000 - $35,000","STEM, Business, Social Sciences",Secondary School Diploma (GPA 3.0+),IELTS 6.5 / TOEFL 85+ / Local Entrance Exam
Akita University,"Japan, Japan",Public,"$10,000 - $35,000","STEM, Business, Social Sciences",Secondary School Diploma (GPA 3.0+),IELTS 6.5 / TOEFL 85+ / Local Entrance Exam
St. Andrew's University,"Japan, Japan",Public,"$10,000 - $35,000","STEM, Business, Social Sciences",Secondary School Diploma (GPA 3.0+),IELTS 6.5 / TOEFL 85+ / Local Entrance Exam
Aomori Chuoh Gakuin University,"Japan, Japan",Public,"$10,000 - $35,000","STEM, Business, Social Sciences",Secondary School Diploma (GPA 3.0+),IELTS 6.5 / TOEFL 85+ / Local Entrance Exam
Aomori University,"Japan, Japan",Public,"$10,000 - $35,000","STEM, Business, Social Sciences",Secondary School Diploma (GPA 3.0+),IELTS 6.5 / TOEFL 85+ / Local Entrance Exam
Aoyama Gakuin University,"Japan, Japan",Public,"$10,000 - $35,000","STEM, Business, Social Sciences",Secondary School Diploma (GPA 3.0+),IELTS 6.5 / TOEFL 85+ / Local Entrance Exam
Ritsumeikan Asia Pacific University,"Japan, Japan",Public,"$10,000 - $35,000","STEM, Business, Social Sciences",Secondary School Diploma (GPA 3.0+),IELTS 6.5 / TOEFL 85+ / Local Entrance Exam
Asahikawa Medical College,"Japan, Japan",Public,"$10,000 - $35,000","STEM, Business, Social Sciences",Secondary School Diploma (GPA 3.0+),IELTS 6.5 / TOEFL 85+ / Local Entrance Exam
Asahikawa University,"Japan, Japan",Public,"$10,000 - $35,000","STEM, Business, Social Sciences",Secondary School Diploma (GPA 3.0+),IELTS 6.5 / TOEFL 85+ / Local Entrance Exam
"National Institute of Technology, Asahikawa College","Japan, Japan",Public,"$10,000 - $35,000","STEM, Business, Social Sciences",Secondary School Diploma (GPA 3.0+),IELTS 6.5 / TOEFL 85+ / Local Entrance Exam
Asahi University,"Japan, Japan",Public,"$10,000 - $35,000","STEM, Business, Social Sciences",Secondary School Diploma (GPA 3.0+),IELTS 6.5 / TOEFL 85+ / Local Entrance Exam
Ashikaga Institute of Technology,"Japan, Japan",Public,"$10,000 - $35,000","STEM, Business, Social Sciences",Secondary School Diploma (GPA 3.0+),IELTS 6.5 / TOEFL 85+ / Local Entrance Exam
Ashiya University,"Japan, Japan",Public,"$10,000 - $35,000","STEM, Business, Social Sciences",Secondary School Diploma (GPA 3.0+),IELTS 6.5 / TOEFL 85+ / Local Entrance Exam
Asia University,"Japan, Japan",Public,"$10,000 - $35,000","STEM, Business, Social Sciences",Secondary School Diploma (GPA 3.0+),IELTS 6.5 / TOEFL 85+ / Local Entrance Exam
Aichi Sangyo University,"Japan, Japan",Public,"$10,000 - $35,000","STEM, Business, Social Sciences",Secondary School Diploma (GPA 3.0+),IELTS 6.5 / TOEFL 85+ / Local Entrance Exam
Atomi College,"Japan, Japan",Public,"$10,000 - $35,000","STEM, Business, Social Sciences",Secondary School Diploma (GPA 3.0+),IELTS 6.5 / TOEFL 85+ / Local Entrance Exam
"American University Extension, Okinawa","Japan, Japan",Public,"$10,000 - $35,000","STEM, Business, Social Sciences",Secondary School Diploma (GPA 3.0+),IELTS 6.5 / TOEFL 85+ / Local Entrance Exam
Aomori University of Health and Welfare,"Japan, Japan",Public,"$10,000 - $35,000","STEM, Business, Social Sciences",Secondary School Diploma (GPA 3.0+),IELTS 6.5 / TOEFL 85+ / Local Entrance Exam
Azabu University,"Japan, Japan",Public,"$10,000 - $35,000","STEM, Business, Social Sciences",Secondary School Diploma (GPA 3.0+),IELTS 6.5 / TOEFL 85+ / Local Entrance Exam
Baika Women's College,"Japan, Japan",Public,"$10,000 - $35,000","STEM, Business, Social Sciences",Secondary School Diploma (GPA 3.0+),IELTS 6.5 / TOEFL 85+ / Local Entrance Exam
Baiko Women's College,"Japan, Japan",Public,"$10,000 - $35,000","STEM, Business, Social Sciences",Secondary School Diploma (GPA 3.0+),IELTS 6.5 / TOEFL 85+ / Local Entrance Exam
Beppu University,"Japan, Japan",Public,"$10,000 - $35,000","STEM, Business, Social Sciences",Secondary School Diploma (GPA 3.0+),IELTS 6.5 / TOEFL 85+ / Local Entrance Exam
International Budo University,"Japan, Japan",Public,"$10,000 - $35,000","STEM, Business, Social Sciences",Secondary School Diploma (GPA 3.0+),IELTS 6.5 / TOEFL 85+ / Local Entrance Exam
Bukkyo University,"Japan, Japan",Public,"$10,000 - $35,000","STEM, Business, Social Sciences",Secondary School Diploma (GPA 3.0+),IELTS 6.5 / TOEFL 85+ / Local Entrance Exam
Bunka Women's University,"Japan, Japan",Public,"$10,000 - $35,000","STEM, Business, Social Sciences",Secondary School Diploma (GPA 3.0+),IELTS 6.5 / TOEFL 85+ / Local Entrance Exam
Bunkyo University,"Japan, Japan",Public,"$10,000 - $35,000","STEM, Business, Social Sciences",Secondary School Diploma (GPA 3.0+),IELTS 6.5 / TOEFL 85+ / Local Entrance Exam
Tokushima Bunri University,"Japan, Japan",Public,"$10,000 - $35,000","STEM, Business, Social Sciences",Secondary School Diploma (GPA 3.0+),IELTS 6.5 / TOEFL 85+ / Local Entrance Exam
Chuo Gakuin University,"Japan, Japan",Public,"$10,000 - $35,000","STEM, Business, Social Sciences",Secondary School Diploma (GPA 3.0+),IELTS 6.5 / TOEFL 85+ / Local Entrance Exam
Chiba University,"Japan, Japan",Public,"$10,000 - $35,000","STEM, Business, Social Sciences",Secondary School Diploma (GPA 3.0+),IELTS 6.5 / TOEFL 85+ / Local Entrance Exam
Chikushi Jogakuen University,"Japan, Japan",Public,"$10,000 - $35,000","STEM, Business, Social Sciences",Secondary School Diploma (GPA 3.0+),IELTS 6.5 / TOEFL 85+ / Local Entrance Exam
Chubu University,"Japan, Japan",Public,"$10,000 - $35,000","STEM, Business, Social Sciences",Secondary School Diploma (GPA 3.0+),IELTS 6.5 / TOEFL 85+ / Local Entrance Exam
Chubu Gakuin University & Chubu Women's College,"Japan, Japan",Public,"$10,000 - $35,000","STEM, Business, Social Sciences",Secondary School Diploma (GPA 3.0+),IELTS 6.5 / TOEFL 85+ / Local Entrance Exam
Chukyo Women's University,"Japan, Japan",Public,"$10,000 - $35,000","STEM, Business, Social Sciences",Secondary School Diploma (GPA 3.0+),IELTS 6.5 / TOEFL 85+ / Local Entrance Exam
Chukyo Gakuin University,"Japan, Japan",Public,"$10,000 - $35,000","STEM, Business, Social Sciences",Secondary School Diploma (GPA 3.0+),IELTS 6.5 / TOEFL 85+ / Local Entrance Exam
Chukyo University,"Japan, Japan",Public,"$10,000 - $35,000","STEM, Business, Social Sciences",Secondary School Diploma (GPA 3.0+),IELTS 6.5 / TOEFL 85+ / Local Entrance Exam
Chuo University,"Japan, Japan",Public,"$10,000 - $35,000","STEM, Business, Social Sciences",Secondary School Diploma (GPA 3.0+),IELTS 6.5 / TOEFL 85+ / Local Entrance Exam
Sun Yat-Sen University,"China, China",Public,"$10,000 - $35,000","STEM, Business, Social Sciences",Secondary School Diploma (GPA 3.0+),IELTS 6.5 / TOEFL 85+ / Local Entrance Exam
Hunan University,"China, China",Public,"$10,000 - $35,000","STEM, Business, Social Sciences",Secondary School Diploma (GPA 3.0+),IELTS 6.5 / TOEFL 85+ / Local Entrance Exam
Anhui Medical University,"China, China",Public,"$10,000 - $35,000","STEM, Business, Social Sciences",Secondary School Diploma (GPA 3.0+),IELTS 6.5 / TOEFL 85+ / Local Entrance Exam
Anhui Normal University,"China, China",Public,"$10,000 - $35,000","STEM, Business, Social Sciences",Secondary School Diploma (GPA 3.0+),IELTS 6.5 / TOEFL 85+ / Local Entrance Exam
Anhui Technical College of Water Resources and Hydroelectric Power,"China, China",Public,"$10,000 - $35,000","STEM, Business, Social Sciences",Secondary School Diploma (GPA 3.0+),IELTS 6.5 / TOEFL 85+ / Local Entrance Exam
Anhui University of Traditional Chinese Medicine,"China, China",Public,"$10,000 - $35,000","STEM, Business, Social Sciences",Secondary School Diploma (GPA 3.0+),IELTS 6.5 / TOEFL 85+ / Local Entrance Exam
Anhui University,"China, China",Public,"$10,000 - $35,000","STEM, Business, Social Sciences",Secondary School Diploma (GPA 3.0+),IELTS 6.5 / TOEFL 85+ / Local Entrance Exam
Anhui University of Finance and Economics,"China, China",Public,"$10,000 - $35,000","STEM, Business, Social Sciences",Secondary School Diploma (GPA 3.0+),IELTS 6.5 / TOEFL 85+ / Local Entrance Exam
Beijing University of Agriculture,"China, China",Public,"$10,000 - $35,000","STEM, Business, Social Sciences",Secondary School Diploma (GPA 3.0+),IELTS 6.5 / TOEFL 85+ / Local Entrance Exam
Beijing Foreign Studies University,"China, China",Public,"$10,000 - $35,000","STEM, Business, Social Sciences",Secondary School Diploma (GPA 3.0+),IELTS 6.5 / TOEFL 85+ / Local Entrance Exam
Bohai University,"China, China",Public,"$10,000 - $35,000","STEM, Business, Social Sciences",Secondary School Diploma (GPA 3.0+),IELTS 6.5 / TOEFL 85+ / Local Entrance Exam
Beijing International Studies University,"China, China",Public,"$10,000 - $35,000","STEM, Business, Social Sciences",Secondary School Diploma (GPA 3.0+),IELTS 6.5 / TOEFL 85+ / Local Entrance Exam
Beijing Institute of Technology,"China, China",Public,"$10,000 - $35,000","STEM, Business, Social Sciences",Secondary School Diploma (GPA 3.0+),IELTS 6.5 / TOEFL 85+ / Local Entrance Exam
Beijing Information Science and Technology University,"China, China",Public,"$10,000 - $35,000","STEM, Business, Social Sciences",Secondary School Diploma (GPA 3.0+),IELTS 6.5 / TOEFL 85+ / Local Entrance Exam
Beijing Jiaotong University,"Beijing, China",Public,"$10,000 - $35,000","STEM, Business, Social Sciences",Secondary School Diploma (GPA 3.0+),IELTS 6.5 / TOEFL 85+ / Local Entrance Exam
China Agriculture University East,"China, China",Public,"$10,000 - $35,000","STEM, Business, Social Sciences",Secondary School Diploma (GPA 3.0+),IELTS 6.5 / TOEFL 85+ / Local Entrance Exam
Beijing Forestry University,"China, China",Public,"$10,000 - $35,000","STEM, Business, Social Sciences",Secondary School Diploma (GPA 3.0+),IELTS 6.5 / TOEFL 85+ / Local Entrance Exam
Beijing Medical University,"China, China",Public,"$10,000 - $35,000","STEM, Business, Social Sciences",Secondary School Diploma (GPA 3.0+),IELTS 6.5 / TOEFL 85+ / Local Entrance Exam
Beijing Petroleum University,"China, China",Public,"$10,000 - $35,000","STEM, Business, Social Sciences",Secondary School Diploma (GPA 3.0+),IELTS 6.5 / TOEFL 85+ / Local Entrance Exam
Beijing Polytechnic University,"China, China",Public,"$10,000 - $35,000","STEM, Business, Social Sciences",Secondary School Diploma (GPA 3.0+),IELTS 6.5 / TOEFL 85+ / Local Entrance Exam
Beijing University of Chinese Medicine and Pharmacology,"China, China",Public,"$10,000 - $35,000","STEM, Business, Social Sciences",Secondary School Diploma (GPA 3.0+),IELTS 6.5 / TOEFL 85+ / Local Entrance Exam
Beijing Language and Culture University,"China, China",Public,"$10,000 - $35,000","STEM, Business, Social Sciences",Secondary School Diploma (GPA 3.0+),IELTS 6.5 / TOEFL 85+ / Local Entrance Exam
Beijing Normal University,"China, China",Public,"$10,000 - $35,000","STEM, Business, Social Sciences",Secondary School Diploma (GPA 3.0+),IELTS 6.5 / TOEFL 85+ / Local Entrance Exam
Beijing Sport University,"China, China",Public,"$10,000 - $35,000","STEM, Business, Social Sciences",Secondary School Diploma (GPA 3.0+),IELTS 6.5 / TOEFL 85+ / Local Entrance Exam
Beijing University of Aeronautics and Astronautics,"China, China",Public,"$10,000 - $35,000","STEM, Business, Social Sciences",Secondary School Diploma (GPA 3.0+),IELTS 6.5 / TOEFL 85+ / Local Entrance Exam
Beijing University of Chemical Technology,"China, China",Public,"$10,000 - $35,000","STEM, Business, Social Sciences",Secondary School Diploma (GPA 3.0+),IELTS 6.5 / TOEFL 85+ / Local Entrance Exam
Beijing University of Posts and Telecommunications,"China, China",Public,"$10,000 - $35,000","STEM, Business, Social Sciences",Secondary School Diploma (GPA 3.0+),IELTS 6.5 / TOEFL 85+ / Local Entrance Exam
Central Academy of Fine Art,"China, China",Public,"$10,000 - $35,000","STEM, Business, Social Sciences",Secondary School Diploma (GPA 3.0+),IELTS 6.5 / TOEFL 85+ / Local Entrance Exam
Civil Aviation University of China,"China, China",Public,"$10,000 - $35,000","STEM, Business, Social Sciences",Secondary School Diploma (GPA 3.0+),IELTS 6.5 / TOEFL 85+ / Local Entrance Exam
China Agricultural University,"China, China",Public,"$10,000 - $35,000","STEM, Business, Social Sciences",Secondary School Diploma (GPA 3.0+),IELTS 6.5 / TOEFL 85+ / Local Entrance Exam
Central China Normal University,"China, China",Public,"$10,000 - $35,000","STEM, Business, Social Sciences",Secondary School Diploma (GPA 3.0+),IELTS 6.5 / TOEFL 85+ / Local Entrance Exam
Changchun University of Technology,"China, China",Public,"$10,000 - $35,000","STEM, Business, Social Sciences",Secondary School Diploma (GPA 3.0+),IELTS 6.5 / TOEFL 85+ / Local Entrance Exam
Chengdu University,"China, China",Public,"$10,000 - $35,000","STEM, Business, Social Sciences",Secondary School Diploma (GPA 3.0+),IELTS 6.5 / TOEFL 85+ / Local Entrance Exam
Chengdu University of Traditional Chinese Medicine,"China, China",Public,"$10,000 - $35,000","STEM, Business, Social Sciences",Secondary School Diploma (GPA 3.0+),IELTS 6.5 / TOEFL 85+ / Local Entrance Exam
Chengdu University of Technology,"China, China",Public,"$10,000 - $35,000","STEM, Business, Social Sciences",Secondary School Diploma (GPA 3.0+),IELTS 6.5 / TOEFL 85+ / Local Entrance Exam
China Foreign Affairs University,"China, China",Public,"$10,000 - $35,000","STEM, Business, Social Sciences",Secondary School Diploma (GPA 3.0+),IELTS 6.5 / TOEFL 85+ / Local Entrance Exam
China Academy of Art,"China, China",Public,"$10,000 - $35,000","STEM, Business, Social Sciences",Secondary School Diploma (GPA 3.0+),IELTS 6.5 / TOEFL 85+ / Local Entrance Exam
Chengdu Institute of Sichuan International Studies University,"China, China",Public,"$10,000 - $35,000","STEM, Business, Social Sciences",Secondary School Diploma (GPA 3.0+),IELTS 6.5 / TOEFL 85+ / Local Entrance Exam
China Medical University Shenyang,"China, China",Public,"$10,000 - $35,000","STEM, Business, Social Sciences",Secondary School Diploma (GPA 3.0+),IELTS 6.5 / TOEFL 85+ / Local Entrance Exam
Changchun Teachers College,"China, China",Public,"$10,000 - $35,000","STEM, Business, Social Sciences",Secondary School Diploma (GPA 3.0+),IELTS 6.5 / TOEFL 85+ / Local Entrance Exam
Capital Normal University,"China, China",Public,"$10,000 - $35,000","STEM, Business, Social Sciences",Secondary School Diploma (GPA 3.0+),IELTS 6.5 / TOEFL 85+ / Local Entrance Exam
Chinese People's Public Security University,"China, China",Public,"$10,000 - $35,000","STEM, Business, Social Sciences",Secondary School Diploma (GPA 3.0+),IELTS 6.5 / TOEFL 85+ / Local Entrance Exam
China Pharmaceutical University Nanjing,"China, China",Public,"$10,000 - $35,000","STEM, Business, Social Sciences",Secondary School Diploma (GPA 3.0+),IELTS 6.5 / TOEFL 85+ / Local Entrance Exam
Capital University of Medical Sciences,"China, China",Public,"$10,000 - $35,000","STEM, Business, Social Sciences",Secondary School Diploma (GPA 3.0+),IELTS 6.5 / TOEFL 85+ / Local Entrance Exam
Chongqing Education College,"China, China",Public,"$10,000 - $35,000","STEM, Business, Social Sciences",Secondary School Diploma (GPA 3.0+),IELTS 6.5 / TOEFL 85+ / Local Entrance Exam
Chongqing Vocational College of Public Transportation,"China, China",Public,"$10,000 - $35,000","STEM, Business, Social Sciences",Secondary School Diploma (GPA 3.0+),IELTS 6.5 / TOEFL 85+ / Local Entrance Exam
Thakur College of Engineering and Technology,"Mahārāshtra, India",Public,"$10,000 - $35,000","STEM, Business, Social Sciences",Secondary School Diploma (GPA 3.0+),IELTS 6.5 / TOEFL 85+ / Local Entrance Exam
Atharva College of Engineering,"Mumbai, India",Public,"$10,000 - $35,000","STEM, Business, Social Sciences",Secondary School Diploma (GPA 3.0+),IELTS 6.5 / TOEFL 85+ / Local Entrance Exam
Bhagwan Parshuram Institute of Technology,"Delhi, India",Public,"$10,000 - $35,000","STEM, Business, Social Sciences",Secondary School Diploma (GPA 3.0+),IELTS 6.5 / TOEFL 85+ / Local Entrance Exam
University of Petroleum and Energy Studies,"Dehradun, India",Public,"$10,000 - $35,000","STEM, Business, Social Sciences",Secondary School Diploma (GPA 3.0+),IELTS 6.5 / TOEFL 85+ / Local Entrance Exam
Ashoka University,"Haryana, India",Public,"$10,000 - $35,000","STEM, Business, Social Sciences",Secondary School Diploma (GPA 3.0+),IELTS 6.5 / TOEFL 85+ / Local Entrance Exam
Indian Institute of Information Technology Sri City,"Chittoor, India",Public,"$10,000 - $35,000","STEM, Business, Social Sciences",Secondary School Diploma (GPA 3.0+),IELTS 6.5 / TOEFL 85+ / Local Entrance Exam
DAV Institute of Engineering & Technology,"Punjab, India",Public,"$10,000 - $35,000","STEM, Business, Social Sciences",Secondary School Diploma (GPA 3.0+),IELTS 6.5 / TOEFL 85+ / Local Entrance Exam
Lovely Professional University,"Punjab, India",Public,"$10,000 - $35,000","STEM, Business, Social Sciences",Secondary School Diploma (GPA 3.0+),IELTS 6.5 / TOEFL 85+ / Local Entrance Exam
Somaiya Vidyavihar,"India, India",Public,"$10,000 - $35,000","STEM, Business, Social Sciences",Secondary School Diploma (GPA 3.0+),IELTS 6.5 / TOEFL 85+ / Local Entrance Exam
NorthCap University,"Haryana, India",Public,"$10,000 - $35,000","STEM, Business, Social Sciences",Secondary School Diploma (GPA 3.0+),IELTS 6.5 / TOEFL 85+ / Local Entrance Exam
Dharamsinh Desai University,"Gujarat, India",Public,"$10,000 - $35,000","STEM, Business, Social Sciences",Secondary School Diploma (GPA 3.0+),IELTS 6.5 / TOEFL 85+ / Local Entrance Exam
University of Health Sciences Andhra Pradesh,"Andhra Pradesh, India",Public,"$10,000 - $35,000","STEM, Business, Social Sciences",Secondary School Diploma (GPA 3.0+),IELTS 6.5 / TOEFL 85+ / Local Entrance Exam
"Allahabad Agricultural Institute, Deemed University","India, India",Public,"$10,000 - $35,000","STEM, Business, Social Sciences",Secondary School Diploma (GPA 3.0+),IELTS 6.5 / TOEFL 85+ / Local Entrance Exam
Assam Agricultural University,"Assam, India",Public,"$10,000 - $35,000","STEM, Business, Social Sciences",Secondary School Diploma (GPA 3.0+),IELTS 6.5 / TOEFL 85+ / Local Entrance Exam
Ahmedabad University,"Gujarat, India",Public,"$10,000 - $35,000","STEM, Business, Social Sciences",Secondary School Diploma (GPA 3.0+),IELTS 6.5 / TOEFL 85+ / Local Entrance Exam
All India Institute of Medical Sciences,"India, India",Public,"$10,000 - $35,000","STEM, Business, Social Sciences",Secondary School Diploma (GPA 3.0+),IELTS 6.5 / TOEFL 85+ / Local Entrance Exam
AISECT University,"India, India",Public,"$10,000 - $35,000","STEM, Business, Social Sciences",Secondary School Diploma (GPA 3.0+),IELTS 6.5 / TOEFL 85+ / Local Entrance Exam
Alagappa University,"Tamil Nadu, India",Public,"$10,000 - $35,000","STEM, Business, Social Sciences",Secondary School Diploma (GPA 3.0+),IELTS 6.5 / TOEFL 85+ / Local Entrance Exam
Allahabad University,"Uttar Pradesh, India",Public,"$10,000 - $35,000","STEM, Business, Social Sciences",Secondary School Diploma (GPA 3.0+),IELTS 6.5 / TOEFL 85+ / Local Entrance Exam
Open International University for Alternative Medicines,"India, India",Public,"$10,000 - $35,000","STEM, Business, Social Sciences",Secondary School Diploma (GPA 3.0+),IELTS 6.5 / TOEFL 85+ / Local Entrance Exam
Indian Board of Alternative Medicine,"West Bengal, India",Public,"$10,000 - $35,000","STEM, Business, Social Sciences",Secondary School Diploma (GPA 3.0+),IELTS 6.5 / TOEFL 85+ / Local Entrance Exam
Amity University,"Uttar Pradesh, India",Public,"$10,000 - $35,000","STEM, Business, Social Sciences",Secondary School Diploma (GPA 3.0+),IELTS 6.5 / TOEFL 85+ / Local Entrance Exam
Amrita Vishwa Vidyapeetham,"Tamil Nadu, India",Public,"$10,000 - $35,000","STEM, Business, Social Sciences",Secondary School Diploma (GPA 3.0+),IELTS 6.5 / TOEFL 85+ / Local Entrance Exam
Amravati University,"India, India",Public,"$10,000 - $35,000","STEM, Business, Social Sciences",Secondary School Diploma (GPA 3.0+),IELTS 6.5 / TOEFL 85+ / Local Entrance Exam
Aligarh Muslim University,"Uttar Pradesh, India",Public,"$10,000 - $35,000","STEM, Business, Social Sciences",Secondary School Diploma (GPA 3.0+),IELTS 6.5 / TOEFL 85+ / Local Entrance Exam
Andhra University,"Andhra Pradesh, India",Public,"$10,000 - $35,000","STEM, Business, Social Sciences",Secondary School Diploma (GPA 3.0+),IELTS 6.5 / TOEFL 85+ / Local Entrance Exam
Acharya Ranga Agricultural University,"India, India",Public,"$10,000 - $35,000","STEM, Business, Social Sciences",Secondary School Diploma (GPA 3.0+),IELTS 6.5 / TOEFL 85+ / Local Entrance Exam
Annamalai University,"Tamil Nadu, India",Public,"$10,000 - $35,000","STEM, Business, Social Sciences",Secondary School Diploma (GPA 3.0+),IELTS 6.5 / TOEFL 85+ / Local Entrance Exam
"Anna University of Technology, Tirunelveli","Tamil Nadu, India",Public,"$10,000 - $35,000","STEM, Business, Social Sciences",Secondary School Diploma (GPA 3.0+),IELTS 6.5 / TOEFL 85+ / Local Entrance Exam
Anna University,"Tamil Nadu, India",Public,"$10,000 - $35,000","STEM, Business, Social Sciences",Secondary School Diploma (GPA 3.0+),IELTS 6.5 / TOEFL 85+ / Local Entrance Exam
Awadhesh Pratap Singh University,"Madhya Pradesh, India",Public,"$10,000 - $35,000","STEM, Business, Social Sciences",Secondary School Diploma (GPA 3.0+),IELTS 6.5 / TOEFL 85+ / Local Entrance Exam
ARYA Institute of Engineering & Technology,"Rajasthan, India",Public,"$10,000 - $35,000","STEM, Business, Social Sciences",Secondary School Diploma (GPA 3.0+),IELTS 6.5 / TOEFL 85+ / Local Entrance Exam
Assam University,"Assam, India",Public,"$10,000 - $35,000","STEM, Business, Social Sciences",Secondary School Diploma (GPA 3.0+),IELTS 6.5 / TOEFL 85+ / Local Entrance Exam
Gujarat Ayurved University,"Gujarat, India",Public,"$10,000 - $35,000","STEM, Business, Social Sciences",Secondary School Diploma (GPA 3.0+),IELTS 6.5 / TOEFL 85+ / Local Entrance Exam
Dr. Babasaheb Ambedkar Marathwada Universtiy,"India, India",Public,"$10,000 - $35,000","STEM, Business, Social Sciences",Secondary School Diploma (GPA 3.0+),IELTS 6.5 / TOEFL 85+ / Local Entrance Exam
Berhampur University,"India, India",Public,"$10,000 - $35,000","STEM, Business, Social Sciences",Secondary School Diploma (GPA 3.0+),IELTS 6.5 / TOEFL 85+ / Local Entrance Exam
Banasthali University,"India, India",Public,"$10,000 - $35,000","STEM, Business, Social Sciences",Secondary School Diploma (GPA 3.0+),IELTS 6.5 / TOEFL 85+ / Local Entrance Exam
Bankura University,"India, India",Public,"$10,000 - $35,000","STEM, Business, Social Sciences",Secondary School Diploma (GPA 3.0+),IELTS 6.5 / TOEFL 85+ / Local Entrance Exam
Birsa Agricultural University,"India, India",Public,"$10,000 - $35,000","STEM, Business, Social Sciences",Secondary School Diploma (GPA 3.0+),IELTS 6.5 / TOEFL 85+ / Local Entrance Exam
Babasaheb Bhimrao Ambedkar University,"India, India",Public,"$10,000 - $35,000","STEM, Business, Social Sciences",Secondary School Diploma (GPA 3.0+),IELTS 6.5 / TOEFL 85+ / Local Entrance Exam
Bidhan Chandra Agricultural University,"India, India",Public,"$10,000 - $35,000","STEM, Business, Social Sciences",Secondary School Diploma (GPA 3.0+),IELTS 6.5 / TOEFL 85+ / Local Entrance Exam
Bharathidasan University,"India, India",Public,"$10,000 - $35,000","STEM, Business, Social Sciences",Secondary School Diploma (GPA 3.0+),IELTS 6.5 / TOEFL 85+ / Local Entrance Exam
Bengal Engineering College,"West Bengal, India",Public,"$10,000 - $35,000","STEM, Business, Social Sciences",Secondary School Diploma (GPA 3.0+),IELTS 6.5 / TOEFL 85+ / Local Entrance Exam
Bangalore University,"Karnataka, India",Public,"$10,000 - $35,000","STEM, Business, Social Sciences",Secondary School Diploma (GPA 3.0+),IELTS 6.5 / TOEFL 85+ / Local Entrance Exam
Bhagwant University,"India, India",Public,"$10,000 - $35,000","STEM, Business, Social Sciences",Secondary School Diploma (GPA 3.0+),IELTS 6.5 / TOEFL 85+ / Local Entrance Exam
Bharathiar University,"Tamil Nadu, India",Public,"$10,000 - $35,000","STEM, Business, Social Sciences",Secondary School Diploma (GPA 3.0+),IELTS 6.5 / TOEFL 85+ / Local Entrance Exam
